Gare St Jean,Malbec,Billaudel,Rue de Bègles,Rue de la Réole,Nansouty,Brun,Bvd Roosevelt,Cité Cairon,Carros,Br St Genes,Bvd Georges V,Br de Pessac,Xaintrailles,Stade Chaban Delmas,Br d'Ornano,Br St Augustin,Br d'Arès,Br Judaïque,Cité Administrative,Pasteur,Br St Médard,Carnot,Br du Médoc,Tivoli,Cité Chaigneau,Mandron,Grand Parc,Ampère,Calixte Camelle,Berthelot,Place Ravezies,Jean Hameau,Latule,Faure - Brunet,Faure - Balguerie,La Cité du Vin,Quai de Brazza,Brazza,Galin,Niel,Thiers-Benauge,Le Rouzic,Jean Dauguet,Deschamps - Belvédère,Eymet - Richelieu,Eymet - Etang,Laffargue,Mairie de Floirac,Mascaret,Arena,Quai de Brienne,Quai de Paludate,MECA,Gare St Jean
05:00:00,05:01:00,05:02:00,05:03:00,05:04:00,05:06:00,05:06:30,05:08:00,05:09:00,05:09:30,05:10:00,05:11:00,05:12:00,05:13:00,05:14:00,05:15:00,05:15:30,05:16:00,05:18:00,05:19:00,05:19:30,05:20:00,05:22:00,05:23:00,05:23:30,05:24:00,05:24:30,05:25:00,05:26:00,05:27:00,05:28:00,05:29:00,05:30:00,05:31:00,05:32:38,05:34:17,05:35:16,05:37:14,05:39:02,05:40:10,05:41:40,05:42:44,05:43:53,05:45:19,05:46:19,05:47:16,05:48:43,05:50:11,05:51:11,05:52:27,05:53:44,05:56:29,05:58:18,05:59:57,06:01:50
05:25:00,05:26:00,05:27:00,05:28:00,05:29:00,05:31:00,05:31:30,05:33:00,05:34:00,05:34:30,05:35:00,05:36:00,05:37:00,05:38:00,05:39:00,05:40:00,05:40:30,05:41:00,05:43:00,05:44:00,05:44:30,05:45:00,05:47:00,05:48:00,05:48:30,05:49:00,05:49:30,05:50:00,05:51:00,05:52:00,05:53:00,05:54:00,05:55:00,05:56:00,05:57:38,05:59:17,06:00:16,06:02:14,06:04:02,06:05:10,06:06:40,06:07:44,06:08:53,06:10:19,06:11:19,06:12:16,06:13:43,06:15:11,06:16:11,06:17:27,06:18:44,06:21:29,06:23:18,06:24:57,06:26:50
05:45:00,05:46:00,05:47:00,05:48:00,05:49:00,05:51:00,05:51:30,05:53:00,05:54:00,05:54:30,05:55:00,05:56:00,05:57:00,05:58:00,05:59:00,06:00:00,06:00:30,06:01:00,06:03:00,06:04:00,06:04:30,06:05:00,06:07:00,06:08:00,06:08:30,06:09:00,06:09:30,06:10:00,06:11:00,06:12:00,06:13:00,06:14:00,06:15:00,06:16:00,06:17:38,06:19:17,06:20:16,06:22:14,06:24:02,06:25:10,06:26:40,06:27:44,06:28:53,06:30:19,06:31:19,06:32:16,06:33:43,06:35:11,06:36:11,06:37:27,06:38:44,06:41:29,06:43:18,06:44:57,06:46:50
06:05:00,06:06:00,06:07:00,06:08:00,06:09:00,06:11:00,06:11:30,06:13:00,06:14:00,06:14:30,06:15:00,06:16:00,06:17:00,06:18:00,06:19:00,06:20:00,06:20:30,06:21:00,06:23:00,06:24:00,06:24:30,06:25:00,06:27:00,06:28:00,06:28:30,06:29:00,06:29:30,06:30:00,06:31:00,06:32:00,06:33:00,06:34:00,06:35:00,06:36:00,06:37:38,06:39:17,06:40:16,06:42:14,06:44:02,06:45:10,06:46:40,06:47:44,06:48:53,06:50:19,06:51:19,06:52:16,06:53:43,06:55:11,06:56:11,06:57:27,06:58:44,07:01:29,07:03:18,07:04:57,07:06:50
06:25:00,06:26:00,06:27:00,06:28:00,06:29:00,06:31:00,06:31:30,06:33:00,06:34:00,06:34:30,06:35:00,06:36:00,06:37:00,06:38:00,06:39:00,06:40:00,06:40:30,06:41:00,06:43:00,06:44:00,06:44:30,06:45:00,06:47:00,06:48:00,06:48:30,06:49:00,06:49:30,06:50:00,06:51:00,06:52:00,06:53:00,06:54:00,06:55:00,06:56:00,06:57:38,06:59:17,07:00:16,07:02:14,07:04:02,07:05:10,07:06:40,07:07:44,07:08:53,07:10:19,07:11:19,07:12:16,07:13:43,07:15:11,07:16:11,07:17:27,07:18:44,07:21:29,07:23:18,07:24:57,07:26:50
06:40:00,06:41:00,06:42:00,06:43:00,06:44:00,06:46:00,06:46:30,06:48:00,06:49:00,06:49:30,06:50:00,06:51:00,06:52:00,06:53:00,06:54:00,06:55:00,06:55:30,06:56:00,06:58:00,06:59:00,06:59:30,07:00:00,07:02:00,07:03:00,07:03:30,07:04:00,07:04:30,07:05:00,07:06:00,07:07:00,07:08:00,07:09:00,07:10:00,07:11:00,07:12:38,07:14:17,07:15:16,07:17:14,07:19:02,07:20:10,07:21:40,07:22:44,07:23:53,07:25:19,07:26:19,07:27:16,07:28:43,07:30:11,07:31:11,07:32:27,07:33:44,07:36:29,07:38:18,07:39:57,07:41:50
06:45:00,06:46:00,06:47:00,06:48:00,06:49:00,06:51:00,06:51:30,06:53:00,06:54:00,06:54:30,06:55:00,06:56:00,06:57:00,06:58:00,06:59:00,07:00:00,07:00:30,07:01:00,07:03:00,07:04:00,07:04:30,07:05:00,07:07:00,07:08:00,07:08:30,07:09:00,07:09:30,07:10:00,07:11:00,07:12:00,07:13:00,07:14:00,07:15:00,07:16:00,07:17:38,07:19:17,07:20:16,07:22:14,07:24:02,07:25:10,07:26:40,07:27:44,07:28:53,07:30:19,07:31:19,07:32:16,07:33:43,07:35:11,07:36:11,07:37:27,07:38:44,07:41:29,07:43:18,07:44:57,07:46:50
06:50:00,06:51:00,06:52:00,06:53:00,06:54:00,06:56:00,06:56:30,06:58:00,06:59:00,06:59:30,07:00:00,07:01:00,07:02:00,07:03:00,07:04:00,07:05:00,07:05:30,07:06:00,07:08:00,07:09:00,07:09:30,07:10:00,07:12:00,07:13:00,07:13:30,07:14:00,07:14:30,07:15:00,07:16:00,07:17:00,07:18:00,07:19:00,07:20:00,07:21:00,07:22:38,07:24:17,07:25:16,07:27:14,07:29:02,07:30:10,07:31:40,07:32:44,07:33:53,07:35:19,07:36:19,07:37:16,07:38:43,07:40:11,07:41:11,07:42:27,07:43:44,07:46:29,07:48:18,07:49:57,07:51:50
06:55:00,06:56:00,06:57:00,06:58:00,06:59:00,07:01:00,07:01:30,07:03:00,07:04:00,07:04:30,07:05:00,07:06:00,07:07:00,07:08:00,07:09:00,07:10:00,07:10:30,07:11:00,07:13:00,07:14:00,07:14:30,07:15:00,07:17:00,07:18:00,07:18:30,07:19:00,07:19:30,07:20:00,07:21:00,07:22:00,07:23:00,07:24:00,07:25:00,07:26:00,07:27:38,07:29:17,07:30:16,07:32:14,07:34:02,07:35:10,07:36:40,07:37:44,07:38:53,07:40:19,07:41:19,07:42:16,07:43:43,07:45:11,07:46:11,07:47:27,07:48:44,07:51:29,07:53:18,07:54:57,07:56:50
07:00:00,07:01:00,07:02:00,07:03:00,07:04:00,07:06:00,07:06:30,07:08:00,07:09:00,07:09:30,07:10:00,07:11:00,07:12:00,07:13:00,07:14:00,07:15:00,07:15:30,07:16:00,07:18:00,07:19:00,07:19:30,07:20:00,07:22:00,07:23:00,07:23:30,07:24:00,07:24:30,07:25:00,07:26:00,07:27:00,07:28:00,07:29:00,07:30:00,07:31:00,07:32:38,07:34:17,07:35:16,07:37:14,07:39:02,07:40:10,07:41:40,07:42:44,07:43:53,07:45:19,07:46:19,07:47:16,07:48:43,07:50:11,07:51:11,07:52:27,07:53:44,07:56:29,07:58:18,07:59:57,08:01:50
07:05:00,07:06:00,07:07:00,07:08:00,07:09:00,07:11:00,07:11:30,07:13:00,07:14:00,07:14:30,07:15:00,07:16:00,07:17:00,07:18:00,07:19:00,07:20:00,07:20:30,07:21:00,07:23:00,07:24:00,07:24:30,07:25:00,07:27:00,07:28:00,07:28:30,07:29:00,07:29:30,07:30:00,07:31:00,07:32:00,07:33:00,07:34:00,07:35:00,07:36:00,07:37:38,07:39:17,07:40:16,07:42:14,07:44:02,07:45:10,07:46:40,07:47:44,07:48:53,07:50:19,07:51:19,07:52:16,07:53:43,07:55:11,07:56:11,07:57:27,07:58:44,08:01:29,08:03:18,08:04:57,08:06:50
07:10:00,07:11:00,07:12:00,07:13:00,07:14:00,07:16:00,07:16:30,07:18:00,07:19:00,07:19:30,07:20:00,07:21:00,07:22:00,07:23:00,07:24:00,07:25:00,07:25:30,07:26:00,07:28:00,07:29:00,07:29:30,07:30:00,07:32:00,07:33:00,07:33:30,07:34:00,07:34:30,07:35:00,07:36:00,07:37:00,07:38:00,07:39:00,07:40:00,07:41:00,07:42:38,07:44:17,07:45:16,07:47:14,07:49:02,07:50:10,07:51:40,07:52:44,07:53:53,07:55:19,07:56:19,07:57:16,07:58:43,08:00:11,08:01:11,08:02:27,08:03:44,08:06:29,08:08:18,08:09:57,08:11:50
07:15:00,07:16:00,07:17:00,07:18:00,07:19:00,07:21:00,07:21:30,07:23:00,07:24:00,07:24:30,07:25:00,07:26:00,07:27:00,07:28:00,07:29:00,07:30:00,07:30:30,07:31:00,07:33:00,07:34:00,07:34:30,07:35:00,07:37:00,07:38:00,07:38:30,07:39:00,07:39:30,07:40:00,07:41:00,07:42:00,07:43:00,07:44:00,07:45:00,07:46:00,07:47:38,07:49:17,07:50:16,07:52:14,07:54:02,07:55:10,07:56:40,07:57:44,07:58:53,08:00:19,08:01:19,08:02:16,08:03:43,08:05:11,08:06:11,08:07:27,08:08:44,08:11:29,08:13:18,08:14:57,08:16:50
07:20:00,07:21:00,07:22:00,07:23:00,07:24:00,07:26:00,07:26:30,07:28:00,07:29:00,07:29:30,07:30:00,07:31:00,07:32:00,07:33:00,07:34:00,07:35:00,07:35:30,07:36:00,07:38:00,07:39:00,07:39:30,07:40:00,07:42:00,07:43:00,07:43:30,07:44:00,07:44:30,07:45:00,07:46:00,07:47:00,07:48:00,07:49:00,07:50:00,07:51:00,07:52:38,07:54:17,07:55:16,07:57:14,07:59:02,08:00:10,08:01:40,08:02:44,08:03:53,08:05:19,08:06:19,08:07:16,08:08:43,08:10:11,08:11:11,08:12:27,08:13:44,08:16:29,08:18:18,08:19:57,08:21:50
07:25:00,07:26:00,07:27:00,07:28:00,07:29:00,07:31:00,07:31:30,07:33:00,07:34:00,07:34:30,07:35:00,07:36:00,07:37:00,07:38:00,07:39:00,07:40:00,07:40:30,07:41:00,07:43:00,07:44:00,07:44:30,07:45:00,07:47:00,07:48:00,07:48:30,07:49:00,07:49:30,07:50:00,07:51:00,07:52:00,07:53:00,07:54:00,07:55:00,07:56:00,07:57:38,07:59:17,08:00:16,08:02:14,08:04:02,08:05:10,08:06:40,08:07:44,08:08:53,08:10:19,08:11:19,08:12:16,08:13:43,08:15:11,08:16:11,08:17:27,08:18:44,08:21:29,08:23:18,08:24:57,08:26:50
07:30:00,07:31:00,07:32:00,07:33:00,07:34:00,07:36:00,07:36:30,07:38:00,07:39:00,07:39:30,07:40:00,07:41:00,07:42:00,07:43:00,07:44:00,07:45:00,07:45:30,07:46:00,07:48:00,07:49:00,07:49:30,07:50:00,07:52:00,07:53:00,07:53:30,07:54:00,07:54:30,07:55:00,07:56:00,07:57:00,07:58:00,07:59:00,08:00:00,08:01:00,08:02:38,08:04:17,08:05:16,08:07:14,08:09:02,08:10:10,08:11:40,08:12:44,08:13:53,08:15:19,08:16:19,08:17:16,08:18:43,08:20:11,08:21:11,08:22:27,08:23:44,08:26:29,08:28:18,08:29:57,08:31:50
07:35:00,07:36:00,07:37:00,07:38:00,07:39:00,07:41:00,07:41:30,07:43:00,07:44:00,07:44:30,07:45:00,07:46:00,07:47:00,07:48:00,07:49:00,07:50:00,07:50:30,07:51:00,07:53:00,07:54:00,07:54:30,07:55:00,07:57:00,07:58:00,07:58:30,07:59:00,07:59:30,08:00:00,08:01:00,08:02:00,08:03:00,08:04:00,08:05:00,08:06:00,08:07:38,08:09:17,08:10:16,08:12:14,08:14:02,08:15:10,08:16:40,08:17:44,08:18:53,08:20:19,08:21:19,08:22:16,08:23:43,08:25:11,08:26:11,08:27:27,08:28:44,08:31:29,08:33:18,08:34:57,08:36:50
07:40:00,07:41:00,07:42:00,07:43:00,07:44:00,07:46:00,07:46:30,07:48:00,07:49:00,07:49:30,07:50:00,07:51:00,07:52:00,07:53:00,07:54:00,07:55:00,07:55:30,07:56:00,07:58:00,07:59:00,07:59:30,08:00:00,08:02:00,08:03:00,08:03:30,08:04:00,08:04:30,08:05:00,08:06:00,08:07:00,08:08:00,08:09:00,08:10:00,08:11:00,08:12:38,08:14:17,08:15:16,08:17:14,08:19:02,08:20:10,08:21:40,08:22:44,08:23:53,08:25:19,08:26:19,08:27:16,08:28:43,08:30:11,08:31:11,08:32:27,08:33:44,08:36:29,08:38:18,08:39:57,08:41:50
07:45:00,07:46:00,07:47:00,07:48:00,07:49:00,07:51:00,07:51:30,07:53:00,07:54:00,07:54:30,07:55:00,07:56:00,07:57:00,07:58:00,07:59:00,08:00:00,08:00:30,08:01:00,08:03:00,08:04:00,08:04:30,08:05:00,08:07:00,08:08:00,08:08:30,08:09:00,08:09:30,08:10:00,08:11:00,08:12:00,08:13:00,08:14:00,08:15:00,08:16:00,08:17:38,08:19:17,08:20:16,08:22:14,08:24:02,08:25:10,08:26:40,08:27:44,08:28:53,08:30:19,08:31:19,08:32:16,08:33:43,08:35:11,08:36:11,08:37:27,08:38:44,08:41:29,08:43:18,08:44:57,08:46:50
07:50:00,07:51:00,07:52:00,07:53:00,07:54:00,07:56:00,07:56:30,07:58:00,07:59:00,07:59:30,08:00:00,08:01:00,08:02:00,08:03:00,08:04:00,08:05:00,08:05:30,08:06:00,08:08:00,08:09:00,08:09:30,08:10:00,08:12:00,08:13:00,08:13:30,08:14:00,08:14:30,08:15:00,08:16:00,08:17:00,08:18:00,08:19:00,08:20:00,08:21:00,08:22:38,08:24:17,08:25:16,08:27:14,08:29:02,08:30:10,08:31:40,08:32:44,08:33:53,08:35:19,08:36:19,08:37:16,08:38:43,08:40:11,08:41:11,08:42:27,08:43:44,08:46:29,08:48:18,08:49:57,08:51:50
07:55:00,07:56:00,07:57:00,07:58:00,07:59:00,08:01:00,08:01:30,08:03:00,08:04:00,08:04:30,08:05:00,08:06:00,08:07:00,08:08:00,08:09:00,08:10:00,08:10:30,08:11:00,08:13:00,08:14:00,08:14:30,08:15:00,08:17:00,08:18:00,08:18:30,08:19:00,08:19:30,08:20:00,08:21:00,08:22:00,08:23:00,08:24:00,08:25:00,08:26:00,08:27:38,08:29:17,08:30:16,08:32:14,08:34:02,08:35:10,08:36:40,08:37:44,08:38:53,08:40:19,08:41:19,08:42:16,08:43:43,08:45:11,08:46:11,08:47:27,08:48:44,08:51:29,08:53:18,08:54:57,08:56:50
08:00:00,08:01:00,08:02:00,08:03:00,08:04:00,08:06:00,08:06:30,08:08:00,08:09:00,08:09:30,08:10:00,08:11:00,08:12:00,08:13:00,08:14:00,08:15:00,08:15:30,08:16:00,08:18:00,08:19:00,08:19:30,08:20:00,08:22:00,08:23:00,08:23:30,08:24:00,08:24:30,08:25:00,08:26:00,08:27:00,08:28:00,08:29:00,08:30:00,08:31:00,08:32:38,08:34:17,08:35:16,08:37:14,08:39:02,08:40:10,08:41:40,08:42:44,08:43:53,08:45:19,08:46:19,08:47:16,08:48:43,08:50:11,08:51:11,08:52:27,08:53:44,08:56:29,08:58:18,08:59:57,09:01:50
08:05:00,08:06:00,08:07:00,08:08:00,08:09:00,08:11:00,08:11:30,08:13:00,08:14:00,08:14:30,08:15:00,08:16:00,08:17:00,08:18:00,08:19:00,08:20:00,08:20:30,08:21:00,08:23:00,08:24:00,08:24:30,08:25:00,08:27:00,08:28:00,08:28:30,08:29:00,08:29:30,08:30:00,08:31:00,08:32:00,08:33:00,08:34:00,08:35:00,08:36:00,08:37:38,08:39:17,08:40:16,08:42:14,08:44:02,08:45:10,08:46:40,08:47:44,08:48:53,08:50:19,08:51:19,08:52:16,08:53:43,08:55:11,08:56:11,08:57:27,08:58:44,09:01:29,09:03:18,09:04:57,09:06:50
08:10:00,08:11:00,08:12:00,08:13:00,08:14:00,08:16:00,08:16:30,08:18:00,08:19:00,08:19:30,08:20:00,08:21:00,08:22:00,08:23:00,08:24:00,08:25:00,08:25:30,08:26:00,08:28:00,08:29:00,08:29:30,08:30:00,08:32:00,08:33:00,08:33:30,08:34:00,08:34:30,08:35:00,08:36:00,08:37:00,08:38:00,08:39:00,08:40:00,08:41:00,08:42:38,08:44:17,08:45:16,08:47:14,08:49:02,08:50:10,08:51:40,08:52:44,08:53:53,08:55:19,08:56:19,08:57:16,08:58:43,09:00:11,09:01:11,09:02:27,09:03:44,09:06:29,09:08:18,09:09:57,09:11:50
08:15:00,08:16:00,08:17:00,08:18:00,08:19:00,08:21:00,08:21:30,08:23:00,08:24:00,08:24:30,08:25:00,08:26:00,08:27:00,08:28:00,08:29:00,08:30:00,08:30:30,08:31:00,08:33:00,08:34:00,08:34:30,08:35:00,08:37:00,08:38:00,08:38:30,08:39:00,08:39:30,08:40:00,08:41:00,08:42:00,08:43:00,08:44:00,08:45:00,08:46:00,08:47:38,08:49:17,08:50:16,08:52:14,08:54:02,08:55:10,08:56:40,08:57:44,08:58:53,09:00:19,09:01:19,09:02:16,09:03:43,09:05:11,09:06:11,09:07:27,09:08:44,09:11:29,09:13:18,09:14:57,09:16:50
08:20:00,08:21:00,08:22:00,08:23:00,08:24:00,08:26:00,08:26:30,08:28:00,08:29:00,08:29:30,08:30:00,08:31:00,08:32:00,08:33:00,08:34:00,08:35:00,08:35:30,08:36:00,08:38:00,08:39:00,08:39:30,08:40:00,08:42:00,08:43:00,08:43:30,08:44:00,08:44:30,08:45:00,08:46:00,08:47:00,08:48:00,08:49:00,08:50:00,08:51:00,08:52:38,08:54:17,08:55:16,08:57:14,08:59:02,09:00:10,09:01:40,09:02:44,09:03:53,09:05:19,09:06:19,09:07:16,09:08:43,09:10:11,09:11:11,09:12:27,09:13:44,09:16:29,09:18:18,09:19:57,09:21:50
08:25:00,08:26:00,08:27:00,08:28:00,08:29:00,08:31:00,08:31:30,08:33:00,08:34:00,08:34:30,08:35:00,08:36:00,08:37:00,08:38:00,08:39:00,08:40:00,08:40:30,08:41:00,08:43:00,08:44:00,08:44:30,08:45:00,08:47:00,08:48:00,08:48:30,08:49:00,08:49:30,08:50:00,08:51:00,08:52:00,08:53:00,08:54:00,08:55:00,08:56:00,08:57:38,08:59:17,09:00:16,09:02:14,09:04:02,09:05:10,09:06:40,09:07:44,09:08:53,09:10:19,09:11:19,09:12:16,09:13:43,09:15:11,09:16:11,09:17:27,09:18:44,09:21:29,09:23:18,09:24:57,09:26:50
08:30:00,08:31:00,08:32:00,08:33:00,08:34:00,08:36:00,08:36:30,08:38:00,08:39:00,08:39:30,08:40:00,08:41:00,08:42:00,08:43:00,08:44:00,08:45:00,08:45:30,08:46:00,08:48:00,08:49:00,08:49:30,08:50:00,08:52:00,08:53:00,08:53:30,08:54:00,08:54:30,08:55:00,08:56:00,08:57:00,08:58:00,08:59:00,09:00:00,09:01:00,09:02:38,09:04:17,09:05:16,09:07:14,09:09:02,09:10:10,09:11:40,09:12:44,09:13:53,09:15:19,09:16:19,09:17:16,09:18:43,09:20:11,09:21:11,09:22:27,09:23:44,09:26:29,09:28:18,09:29:57,09:31:50
08:35:00,08:36:00,08:37:00,08:38:00,08:39:00,08:41:00,08:41:30,08:43:00,08:44:00,08:44:30,08:45:00,08:46:00,08:47:00,08:48:00,08:49:00,08:50:00,08:50:30,08:51:00,08:53:00,08:54:00,08:54:30,08:55:00,08:57:00,08:58:00,08:58:30,08:59:00,08:59:30,09:00:00,09:01:00,09:02:00,09:03:00,09:04:00,09:05:00,09:06:00,09:07:38,09:09:17,09:10:16,09:12:14,09:14:02,09:15:10,09:16:40,09:17:44,09:18:53,09:20:19,09:21:19,09:22:16,09:23:43,09:25:11,09:26:11,09:27:27,09:28:44,09:31:29,09:33:18,09:34:57,09:36:50
08:40:00,08:41:00,08:42:00,08:43:00,08:44:00,08:46:00,08:46:30,08:48:00,08:49:00,08:49:30,08:50:00,08:51:00,08:52:00,08:53:00,08:54:00,08:55:00,08:55:30,08:56:00,08:58:00,08:59:00,08:59:30,09:00:00,09:02:00,09:03:00,09:03:30,09:04:00,09:04:30,09:05:00,09:06:00,09:07:00,09:08:00,09:09:00,09:10:00,09:11:00,09:12:38,09:14:17,09:15:16,09:17:14,09:19:02,09:20:10,09:21:40,09:22:44,09:23:53,09:25:19,09:26:19,09:27:16,09:28:43,09:30:11,09:31:11,09:32:27,09:33:44,09:36:29,09:38:18,09:39:57,09:41:50
08:45:00,08:46:00,08:47:00,08:48:00,08:49:00,08:51:00,08:51:30,08:53:00,08:54:00,08:54:30,08:55:00,08:56:00,08:57:00,08:58:00,08:59:00,09:00:00,09:00:30,09:01:00,09:03:00,09:04:00,09:04:30,09:05:00,09:07:00,09:08:00,09:08:30,09:09:00,09:09:30,09:10:00,09:11:00,09:12:00,09:13:00,09:14:00,09:15:00,09:16:00,09:17:38,09:19:17,09:20:16,09:22:14,09:24:02,09:25:10,09:26:40,09:27:44,09:28:53,09:30:19,09:31:19,09:32:16,09:33:43,09:35:11,09:36:11,09:37:27,09:38:44,09:41:29,09:43:18,09:44:57,09:46:50
08:50:00,08:51:00,08:52:00,08:53:00,08:54:00,08:56:00,08:56:30,08:58:00,08:59:00,08:59:30,09:00:00,09:01:00,09:02:00,09:03:00,09:04:00,09:05:00,09:05:30,09:06:00,09:08:00,09:09:00,09:09:30,09:10:00,09:12:00,09:13:00,09:13:30,09:14:00,09:14:30,09:15:00,09:16:00,09:17:00,09:18:00,09:19:00,09:20:00,09:21:00,09:22:38,09:24:17,09:25:16,09:27:14,09:29:02,09:30:10,09:31:40,09:32:44,09:33:53,09:35:19,09:36:19,09:37:16,09:38:43,09:40:11,09:41:11,09:42:27,09:43:44,09:46:29,09:48:18,09:49:57,09:51:50
08:55:00,08:56:00,08:57:00,08:58:00,08:59:00,09:01:00,09:01:30,09:03:00,09:04:00,09:04:30,09:05:00,09:06:00,09:07:00,09:08:00,09:09:00,09:10:00,09:10:30,09:11:00,09:13:00,09:14:00,09:14:30,09:15:00,09:17:00,09:18:00,09:18:30,09:19:00,09:19:30,09:20:00,09:21:00,09:22:00,09:23:00,09:24:00,09:25:00,09:26:00,09:27:38,09:29:17,09:30:16,09:32:14,09:34:02,09:35:10,09:36:40,09:37:44,09:38:53,09:40:19,09:41:19,09:42:16,09:43:43,09:45:11,09:46:11,09:47:27,09:48:44,09:51:29,09:53:18,09:54:57,09:56:50
09:00:00,09:01:00,09:02:00,09:03:00,09:04:00,09:06:00,09:06:30,09:08:00,09:09:00,09:09:30,09:10:00,09:11:00,09:12:00,09:13:00,09:14:00,09:15:00,09:15:30,09:16:00,09:18:00,09:19:00,09:19:30,09:20:00,09:22:00,09:23:00,09:23:30,09:24:00,09:24:30,09:25:00,09:26:00,09:27:00,09:28:00,09:29:00,09:30:00,09:31:00,09:32:38,09:34:17,09:35:16,09:37:14,09:39:02,09:40:10,09:41:40,09:42:44,09:43:53,09:45:19,09:46:19,09:47:16,09:48:43,09:50:11,09:51:11,09:52:27,09:53:44,09:56:29,09:58:18,09:59:57,10:01:50
09:08:00,09:09:00,09:10:00,09:11:00,09:12:00,09:14:00,09:14:30,09:16:00,09:17:00,09:17:30,09:18:00,09:19:00,09:20:00,09:21:00,09:22:00,09:23:00,09:23:30,09:24:00,09:26:00,09:27:00,09:27:30,09:28:00,09:30:00,09:31:00,09:31:30,09:32:00,09:32:30,09:33:00,09:34:00,09:35:00,09:36:00,09:37:00,09:38:00,09:39:00,09:40:38,09:42:17,09:43:16,09:45:14,09:47:02,09:48:10,09:49:40,09:50:44,09:51:53,09:53:19,09:54:19,09:55:16,09:56:43,09:58:11,09:59:11,10:00:27,10:01:44,10:04:29,10:06:18,10:07:57,10:09:50
09:16:00,09:17:00,09:18:00,09:19:00,09:20:00,09:22:00,09:22:30,09:24:00,09:25:00,09:25:30,09:26:00,09:27:00,09:28:00,09:29:00,09:30:00,09:31:00,09:31:30,09:32:00,09:34:00,09:35:00,09:35:30,09:36:00,09:38:00,09:39:00,09:39:30,09:40:00,09:40:30,09:41:00,09:42:00,09:43:00,09:44:00,09:45:00,09:46:00,09:47:00,09:48:38,09:50:17,09:51:16,09:53:14,09:55:02,09:56:10,09:57:40,09:58:44,09:59:53,10:01:19,10:02:19,10:03:16,10:04:43,10:06:11,10:07:11,10:08:27,10:09:44,10:12:29,10:14:18,10:15:57,10:17:50
09:24:00,09:25:00,09:26:00,09:27:00,09:28:00,09:30:00,09:30:30,09:32:00,09:33:00,09:33:30,09:34:00,09:35:00,09:36:00,09:37:00,09:38:00,09:39:00,09:39:30,09:40:00,09:42:00,09:43:00,09:43:30,09:44:00,09:46:00,09:47:00,09:47:30,09:48:00,09:48:30,09:49:00,09:50:00,09:51:00,09:52:00,09:53:00,09:54:00,09:55:00,09:56:38,09:58:17,09:59:16,10:01:14,10:03:02,10:04:10,10:05:40,10:06:44,10:07:53,10:09:19,10:10:19,10:11:16,10:12:43,10:14:11,10:15:11,10:16:27,10:17:44,10:20:29,10:22:18,10:23:57,10:25:50
09:32:00,09:33:00,09:34:00,09:35:00,09:36:00,09:38:00,09:38:30,09:40:00,09:41:00,09:41:30,09:42:00,09:43:00,09:44:00,09:45:00,09:46:00,09:47:00,09:47:30,09:48:00,09:50:00,09:51:00,09:51:30,09:52:00,09:54:00,09:55:00,09:55:30,09:56:00,09:56:30,09:57:00,09:58:00,09:59:00,10:00:00,10:01:00,10:02:00,10:03:00,10:04:38,10:06:17,10:07:16,10:09:14,10:11:02,10:12:10,10:13:40,10:14:44,10:15:53,10:17:19,10:18:19,10:19:16,10:20:43,10:22:11,10:23:11,10:24:27,10:25:44,10:28:29,10:30:18,10:31:57,10:33:50
09:40:00,09:41:00,09:42:00,09:43:00,09:44:00,09:46:00,09:46:30,09:48:00,09:49:00,09:49:30,09:50:00,09:51:00,09:52:00,09:53:00,09:54:00,09:55:00,09:55:30,09:56:00,09:58:00,09:59:00,09:59:30,10:00:00,10:02:00,10:03:00,10:03:30,10:04:00,10:04:30,10:05:00,10:06:00,10:07:00,10:08:00,10:09:00,10:10:00,10:11:00,10:12:38,10:14:17,10:15:16,10:17:14,10:19:02,10:20:10,10:21:40,10:22:44,10:23:53,10:25:19,10:26:19,10:27:16,10:28:43,10:30:11,10:31:11,10:32:27,10:33:44,10:36:29,10:38:18,10:39:57,10:41:50
09:48:00,09:49:00,09:50:00,09:51:00,09:52:00,09:54:00,09:54:30,09:56:00,09:57:00,09:57:30,09:58:00,09:59:00,10:00:00,10:01:00,10:02:00,10:03:00,10:03:30,10:04:00,10:06:00,10:07:00,10:07:30,10:08:00,10:10:00,10:11:00,10:11:30,10:12:00,10:12:30,10:13:00,10:14:00,10:15:00,10:16:00,10:17:00,10:18:00,10:19:00,10:20:38,10:22:17,10:23:16,10:25:14,10:27:02,10:28:10,10:29:40,10:30:44,10:31:53,10:33:19,10:34:19,10:35:16,10:36:43,10:38:11,10:39:11,10:40:27,10:41:44,10:44:29,10:46:18,10:47:57,10:49:50
09:56:00,09:57:00,09:58:00,09:59:00,10:00:00,10:02:00,10:02:30,10:04:00,10:05:00,10:05:30,10:06:00,10:07:00,10:08:00,10:09:00,10:10:00,10:11:00,10:11:30,10:12:00,10:14:00,10:15:00,10:15:30,10:16:00,10:18:00,10:19:00,10:19:30,10:20:00,10:20:30,10:21:00,10:22:00,10:23:00,10:24:00,10:25:00,10:26:00,10:27:00,10:28:38,10:30:17,10:31:16,10:33:14,10:35:02,10:36:10,10:37:40,10:38:44,10:39:53,10:41:19,10:42:19,10:43:16,10:44:43,10:46:11,10:47:11,10:48:27,10:49:44,10:52:29,10:54:18,10:55:57,10:57:50
10:04:00,10:05:00,10:06:00,10:07:00,10:08:00,10:10:00,10:10:30,10:12:00,10:13:00,10:13:30,10:14:00,10:15:00,10:16:00,10:17:00,10:18:00,10:19:00,10:19:30,10:20:00,10:22:00,10:23:00,10:23:30,10:24:00,10:26:00,10:27:00,10:27:30,10:28:00,10:28:30,10:29:00,10:30:00,10:31:00,10:32:00,10:33:00,10:34:00,10:35:00,10:36:38,10:38:17,10:39:16,10:41:14,10:43:02,10:44:10,10:45:40,10:46:44,10:47:53,10:49:19,10:50:19,10:51:16,10:52:43,10:54:11,10:55:11,10:56:27,10:57:44,11:00:29,11:02:18,11:03:57,11:05:50
10:12:00,10:13:00,10:14:00,10:15:00,10:16:00,10:18:00,10:18:30,10:20:00,10:21:00,10:21:30,10:22:00,10:23:00,10:24:00,10:25:00,10:26:00,10:27:00,10:27:30,10:28:00,10:30:00,10:31:00,10:31:30,10:32:00,10:34:00,10:35:00,10:35:30,10:36:00,10:36:30,10:37:00,10:38:00,10:39:00,10:40:00,10:41:00,10:42:00,10:43:00,10:44:38,10:46:17,10:47:16,10:49:14,10:51:02,10:52:10,10:53:40,10:54:44,10:55:53,10:57:19,10:58:19,10:59:16,11:00:43,11:02:11,11:03:11,11:04:27,11:05:44,11:08:29,11:10:18,11:11:57,11:13:50
10:20:00,10:21:00,10:22:00,10:23:00,10:24:00,10:26:00,10:26:30,10:28:00,10:29:00,10:29:30,10:30:00,10:31:00,10:32:00,10:33:00,10:34:00,10:35:00,10:35:30,10:36:00,10:38:00,10:39:00,10:39:30,10:40:00,10:42:00,10:43:00,10:43:30,10:44:00,10:44:30,10:45:00,10:46:00,10:47:00,10:48:00,10:49:00,10:50:00,10:51:00,10:52:38,10:54:17,10:55:16,10:57:14,10:59:02,11:00:10,11:01:40,11:02:44,11:03:53,11:05:19,11:06:19,11:07:16,11:08:43,11:10:11,11:11:11,11:12:27,11:13:44,11:16:29,11:18:18,11:19:57,11:21:50
10:28:00,10:29:00,10:30:00,10:31:00,10:32:00,10:34:00,10:34:30,10:36:00,10:37:00,10:37:30,10:38:00,10:39:00,10:40:00,10:41:00,10:42:00,10:43:00,10:43:30,10:44:00,10:46:00,10:47:00,10:47:30,10:48:00,10:50:00,10:51:00,10:51:30,10:52:00,10:52:30,10:53:00,10:54:00,10:55:00,10:56:00,10:57:00,10:58:00,10:59:00,11:00:38,11:02:17,11:03:16,11:05:14,11:07:02,11:08:10,11:09:40,11:10:44,11:11:53,11:13:19,11:14:19,11:15:16,11:16:43,11:18:11,11:19:11,11:20:27,11:21:44,11:24:29,11:26:18,11:27:57,11:29:50
10:36:00,10:37:00,10:38:00,10:39:00,10:40:00,10:42:00,10:42:30,10:44:00,10:45:00,10:45:30,10:46:00,10:47:00,10:48:00,10:49:00,10:50:00,10:51:00,10:51:30,10:52:00,10:54:00,10:55:00,10:55:30,10:56:00,10:58:00,10:59:00,10:59:30,11:00:00,11:00:30,11:01:00,11:02:00,11:03:00,11:04:00,11:05:00,11:06:00,11:07:00,11:08:38,11:10:17,11:11:16,11:13:14,11:15:02,11:16:10,11:17:40,11:18:44,11:19:53,11:21:19,11:22:19,11:23:16,11:24:43,11:26:11,11:27:11,11:28:27,11:29:44,11:32:29,11:34:18,11:35:57,11:37:50
10:44:00,10:45:00,10:46:00,10:47:00,10:48:00,10:50:00,10:50:30,10:52:00,10:53:00,10:53:30,10:54:00,10:55:00,10:56:00,10:57:00,10:58:00,10:59:00,10:59:30,11:00:00,11:02:00,11:03:00,11:03:30,11:04:00,11:06:00,11:07:00,11:07:30,11:08:00,11:08:30,11:09:00,11:10:00,11:11:00,11:12:00,11:13:00,11:14:00,11:15:00,11:16:38,11:18:17,11:19:16,11:21:14,11:23:02,11:24:10,11:25:40,11:26:44,11:27:53,11:29:19,11:30:19,11:31:16,11:32:43,11:34:11,11:35:11,11:36:27,11:37:44,11:40:29,11:42:18,11:43:57,11:45:50
10:52:00,10:53:00,10:54:00,10:55:00,10:56:00,10:58:00,10:58:30,11:00:00,11:01:00,11:01:30,11:02:00,11:03:00,11:04:00,11:05:00,11:06:00,11:07:00,11:07:30,11:08:00,11:10:00,11:11:00,11:11:30,11:12:00,11:14:00,11:15:00,11:15:30,11:16:00,11:16:30,11:17:00,11:18:00,11:19:00,11:20:00,11:21:00,11:22:00,11:23:00,11:24:38,11:26:17,11:27:16,11:29:14,11:31:02,11:32:10,11:33:40,11:34:44,11:35:53,11:37:19,11:38:19,11:39:16,11:40:43,11:42:11,11:43:11,11:44:27,11:45:44,11:48:29,11:50:18,11:51:57,11:53:50
11:00:00,11:01:00,11:02:00,11:03:00,11:04:00,11:06:00,11:06:30,11:08:00,11:09:00,11:09:30,11:10:00,11:11:00,11:12:00,11:13:00,11:14:00,11:15:00,11:15:30,11:16:00,11:18:00,11:19:00,11:19:30,11:20:00,11:22:00,11:23:00,11:23:30,11:24:00,11:24:30,11:25:00,11:26:00,11:27:00,11:28:00,11:29:00,11:30:00,11:31:00,11:32:38,11:34:17,11:35:16,11:37:14,11:39:02,11:40:10,11:41:40,11:42:44,11:43:53,11:45:19,11:46:19,11:47:16,11:48:43,11:50:11,11:51:11,11:52:27,11:53:44,11:56:29,11:58:18,11:59:57,12:01:50
11:08:00,11:09:00,11:10:00,11:11:00,11:12:00,11:14:00,11:14:30,11:16:00,11:17:00,11:17:30,11:18:00,11:19:00,11:20:00,11:21:00,11:22:00,11:23:00,11:23:30,11:24:00,11:26:00,11:27:00,11:27:30,11:28:00,11:30:00,11:31:00,11:31:30,11:32:00,11:32:30,11:33:00,11:34:00,11:35:00,11:36:00,11:37:00,11:38:00,11:39:00,11:40:38,11:42:17,11:43:16,11:45:14,11:47:02,11:48:10,11:49:40,11:50:44,11:51:53,11:53:19,11:54:19,11:55:16,11:56:43,11:58:11,11:59:11,12:00:27,12:01:44,12:04:29,12:06:18,12:07:57,12:09:50
11:16:00,11:17:00,11:18:00,11:19:00,11:20:00,11:22:00,11:22:30,11:24:00,11:25:00,11:25:30,11:26:00,11:27:00,11:28:00,11:29:00,11:30:00,11:31:00,11:31:30,11:32:00,11:34:00,11:35:00,11:35:30,11:36:00,11:38:00,11:39:00,11:39:30,11:40:00,11:40:30,11:41:00,11:42:00,11:43:00,11:44:00,11:45:00,11:46:00,11:47:00,11:48:38,11:50:17,11:51:16,11:53:14,11:55:02,11:56:10,11:57:40,11:58:44,11:59:53,12:01:19,12:02:19,12:03:16,12:04:43,12:06:11,12:07:11,12:08:27,12:09:44,12:12:29,12:14:18,12:15:57,12:17:50
11:24:00,11:25:00,11:26:00,11:27:00,11:28:00,11:30:00,11:30:30,11:32:00,11:33:00,11:33:30,11:34:00,11:35:00,11:36:00,11:37:00,11:38:00,11:39:00,11:39:30,11:40:00,11:42:00,11:43:00,11:43:30,11:44:00,11:46:00,11:47:00,11:47:30,11:48:00,11:48:30,11:49:00,11:50:00,11:51:00,11:52:00,11:53:00,11:54:00,11:55:00,11:56:38,11:58:17,11:59:16,12:01:14,12:03:02,12:04:10,12:05:40,12:06:44,12:07:53,12:09:19,12:10:19,12:11:16,12:12:43,12:14:11,12:15:11,12:16:27,12:17:44,12:20:29,12:22:18,12:23:57,12:25:50
11:32:00,11:33:00,11:34:00,11:35:00,11:36:00,11:38:00,11:38:30,11:40:00,11:41:00,11:41:30,11:42:00,11:43:00,11:44:00,11:45:00,11:46:00,11:47:00,11:47:30,11:48:00,11:50:00,11:51:00,11:51:30,11:52:00,11:54:00,11:55:00,11:55:30,11:56:00,11:56:30,11:57:00,11:58:00,11:59:00,12:00:00,12:01:00,12:02:00,12:03:00,12:04:38,12:06:17,12:07:16,12:09:14,12:11:02,12:12:10,12:13:40,12:14:44,12:15:53,12:17:19,12:18:19,12:19:16,12:20:43,12:22:11,12:23:11,12:24:27,12:25:44,12:28:29,12:30:18,12:31:57,12:33:50
11:40:00,11:41:00,11:42:00,11:43:00,11:44:00,11:46:00,11:46:30,11:48:00,11:49:00,11:49:30,11:50:00,11:51:00,11:52:00,11:53:00,11:54:00,11:55:00,11:55:30,11:56:00,11:58:00,11:59:00,11:59:30,12:00:00,12:02:00,12:03:00,12:03:30,12:04:00,12:04:30,12:05:00,12:06:00,12:07:00,12:08:00,12:09:00,12:10:00,12:11:00,12:12:38,12:14:17,12:15:16,12:17:14,12:19:02,12:20:10,12:21:40,12:22:44,12:23:53,12:25:19,12:26:19,12:27:16,12:28:43,12:30:11,12:31:11,12:32:27,12:33:44,12:36:29,12:38:18,12:39:57,12:41:50
11:48:00,11:49:00,11:50:00,11:51:00,11:52:00,11:54:00,11:54:30,11:56:00,11:57:00,11:57:30,11:58:00,11:59:00,12:00:00,12:01:00,12:02:00,12:03:00,12:03:30,12:04:00,12:06:00,12:07:00,12:07:30,12:08:00,12:10:00,12:11:00,12:11:30,12:12:00,12:12:30,12:13:00,12:14:00,12:15:00,12:16:00,12:17:00,12:18:00,12:19:00,12:20:38,12:22:17,12:23:16,12:25:14,12:27:02,12:28:10,12:29:40,12:30:44,12:31:53,12:33:19,12:34:19,12:35:16,12:36:43,12:38:11,12:39:11,12:40:27,12:41:44,12:44:29,12:46:18,12:47:57,12:49:50
11:56:00,11:57:00,11:58:00,11:59:00,12:00:00,12:02:00,12:02:30,12:04:00,12:05:00,12:05:30,12:06:00,12:07:00,12:08:00,12:09:00,12:10:00,12:11:00,12:11:30,12:12:00,12:14:00,12:15:00,12:15:30,12:16:00,12:18:00,12:19:00,12:19:30,12:20:00,12:20:30,12:21:00,12:22:00,12:23:00,12:24:00,12:25:00,12:26:00,12:27:00,12:28:38,12:30:17,12:31:16,12:33:14,12:35:02,12:36:10,12:37:40,12:38:44,12:39:53,12:41:19,12:42:19,12:43:16,12:44:43,12:46:11,12:47:11,12:48:27,12:49:44,12:52:29,12:54:18,12:55:57,12:57:50
12:04:00,12:05:00,12:06:00,12:07:00,12:08:00,12:10:00,12:10:30,12:12:00,12:13:00,12:13:30,12:14:00,12:15:00,12:16:00,12:17:00,12:18:00,12:19:00,12:19:30,12:20:00,12:22:00,12:23:00,12:23:30,12:24:00,12:26:00,12:27:00,12:27:30,12:28:00,12:28:30,12:29:00,12:30:00,12:31:00,12:32:00,12:33:00,12:34:00,12:35:00,12:36:38,12:38:17,12:39:16,12:41:14,12:43:02,12:44:10,12:45:40,12:46:44,12:47:53,12:49:19,12:50:19,12:51:16,12:52:43,12:54:11,12:55:11,12:56:27,12:57:44,13:00:29,13:02:18,13:03:57,13:05:50
12:12:00,12:13:00,12:14:00,12:15:00,12:16:00,12:18:00,12:18:30,12:20:00,12:21:00,12:21:30,12:22:00,12:23:00,12:24:00,12:25:00,12:26:00,12:27:00,12:27:30,12:28:00,12:30:00,12:31:00,12:31:30,12:32:00,12:34:00,12:35:00,12:35:30,12:36:00,12:36:30,12:37:00,12:38:00,12:39:00,12:40:00,12:41:00,12:42:00,12:43:00,12:44:38,12:46:17,12:47:16,12:49:14,12:51:02,12:52:10,12:53:40,12:54:44,12:55:53,12:57:19,12:58:19,12:59:16,13:00:43,13:02:11,13:03:11,13:04:27,13:05:44,13:08:29,13:10:18,13:11:57,13:13:50
12:20:00,12:21:00,12:22:00,12:23:00,12:24:00,12:26:00,12:26:30,12:28:00,12:29:00,12:29:30,12:30:00,12:31:00,12:32:00,12:33:00,12:34:00,12:35:00,12:35:30,12:36:00,12:38:00,12:39:00,12:39:30,12:40:00,12:42:00,12:43:00,12:43:30,12:44:00,12:44:30,12:45:00,12:46:00,12:47:00,12:48:00,12:49:00,12:50:00,12:51:00,12:52:38,12:54:17,12:55:16,12:57:14,12:59:02,13:00:10,13:01:40,13:02:44,13:03:53,13:05:19,13:06:19,13:07:16,13:08:43,13:10:11,13:11:11,13:12:27,13:13:44,13:16:29,13:18:18,13:19:57,13:21:50
12:28:00,12:29:00,12:30:00,12:31:00,12:32:00,12:34:00,12:34:30,12:36:00,12:37:00,12:37:30,12:38:00,12:39:00,12:40:00,12:41:00,12:42:00,12:43:00,12:43:30,12:44:00,12:46:00,12:47:00,12:47:30,12:48:00,12:50:00,12:51:00,12:51:30,12:52:00,12:52:30,12:53:00,12:54:00,12:55:00,12:56:00,12:57:00,12:58:00,12:59:00,13:00:38,13:02:17,13:03:16,13:05:14,13:07:02,13:08:10,13:09:40,13:10:44,13:11:53,13:13:19,13:14:19,13:15:16,13:16:43,13:18:11,13:19:11,13:20:27,13:21:44,13:24:29,13:26:18,13:27:57,13:29:50
12:36:00,12:37:00,12:38:00,12:39:00,12:40:00,12:42:00,12:42:30,12:44:00,12:45:00,12:45:30,12:46:00,12:47:00,12:48:00,12:49:00,12:50:00,12:51:00,12:51:30,12:52:00,12:54:00,12:55:00,12:55:30,12:56:00,12:58:00,12:59:00,12:59:30,13:00:00,13:00:30,13:01:00,13:02:00,13:03:00,13:04:00,13:05:00,13:06:00,13:07:00,13:08:38,13:10:17,13:11:16,13:13:14,13:15:02,13:16:10,13:17:40,13:18:44,13:19:53,13:21:19,13:22:19,13:23:16,13:24:43,13:26:11,13:27:11,13:28:27,13:29:44,13:32:29,13:34:18,13:35:57,13:37:50
12:44:00,12:45:00,12:46:00,12:47:00,12:48:00,12:50:00,12:50:30,12:52:00,12:53:00,12:53:30,12:54:00,12:55:00,12:56:00,12:57:00,12:58:00,12:59:00,12:59:30,13:00:00,13:02:00,13:03:00,13:03:30,13:04:00,13:06:00,13:07:00,13:07:30,13:08:00,13:08:30,13:09:00,13:10:00,13:11:00,13:12:00,13:13:00,13:14:00,13:15:00,13:16:38,13:18:17,13:19:16,13:21:14,13:23:02,13:24:10,13:25:40,13:26:44,13:27:53,13:29:19,13:30:19,13:31:16,13:32:43,13:34:11,13:35:11,13:36:27,13:37:44,13:40:29,13:42:18,13:43:57,13:45:50
12:52:00,12:53:00,12:54:00,12:55:00,12:56:00,12:58:00,12:58:30,13:00:00,13:01:00,13:01:30,13:02:00,13:03:00,13:04:00,13:05:00,13:06:00,13:07:00,13:07:30,13:08:00,13:10:00,13:11:00,13:11:30,13:12:00,13:14:00,13:15:00,13:15:30,13:16:00,13:16:30,13:17:00,13:18:00,13:19:00,13:20:00,13:21:00,13:22:00,13:23:00,13:24:38,13:26:17,13:27:16,13:29:14,13:31:02,13:32:10,13:33:40,13:34:44,13:35:53,13:37:19,13:38:19,13:39:16,13:40:43,13:42:11,13:43:11,13:44:27,13:45:44,13:48:29,13:50:18,13:51:57,13:53:50
13:00:00,13:01:00,13:02:00,13:03:00,13:04:00,13:06:00,13:06:30,13:08:00,13:09:00,13:09:30,13:10:00,13:11:00,13:12:00,13:13:00,13:14:00,13:15:00,13:15:30,13:16:00,13:18:00,13:19:00,13:19:30,13:20:00,13:22:00,13:23:00,13:23:30,13:24:00,13:24:30,13:25:00,13:26:00,13:27:00,13:28:00,13:29:00,13:30:00,13:31:00,13:32:38,13:34:17,13:35:16,13:37:14,13:39:02,13:40:10,13:41:40,13:42:44,13:43:53,13:45:19,13:46:19,13:47:16,13:48:43,13:50:11,13:51:11,13:52:27,13:53:44,13:56:29,13:58:18,13:59:57,14:01:50
13:08:00,13:09:00,13:10:00,13:11:00,13:12:00,13:14:00,13:14:30,13:16:00,13:17:00,13:17:30,13:18:00,13:19:00,13:20:00,13:21:00,13:22:00,13:23:00,13:23:30,13:24:00,13:26:00,13:27:00,13:27:30,13:28:00,13:30:00,13:31:00,13:31:30,13:32:00,13:32:30,13:33:00,13:34:00,13:35:00,13:36:00,13:37:00,13:38:00,13:39:00,13:40:38,13:42:17,13:43:16,13:45:14,13:47:02,13:48:10,13:49:40,13:50:44,13:51:53,13:53:19,13:54:19,13:55:16,13:56:43,13:58:11,13:59:11,14:00:27,14:01:44,14:04:29,14:06:18,14:07:57,14:09:50
13:16:00,13:17:00,13:18:00,13:19:00,13:20:00,13:22:00,13:22:30,13:24:00,13:25:00,13:25:30,13:26:00,13:27:00,13:28:00,13:29:00,13:30:00,13:31:00,13:31:30,13:32:00,13:34:00,13:35:00,13:35:30,13:36:00,13:38:00,13:39:00,13:39:30,13:40:00,13:40:30,13:41:00,13:42:00,13:43:00,13:44:00,13:45:00,13:46:00,13:47:00,13:48:38,13:50:17,13:51:16,13:53:14,13:55:02,13:56:10,13:57:40,13:58:44,13:59:53,14:01:19,14:02:19,14:03:16,14:04:43,14:06:11,14:07:11,14:08:27,14:09:44,14:12:29,14:14:18,14:15:57,14:17:50
13:24:00,13:25:00,13:26:00,13:27:00,13:28:00,13:30:00,13:30:30,13:32:00,13:33:00,13:33:30,13:34:00,13:35:00,13:36:00,13:37:00,13:38:00,13:39:00,13:39:30,13:40:00,13:42:00,13:43:00,13:43:30,13:44:00,13:46:00,13:47:00,13:47:30,13:48:00,13:48:30,13:49:00,13:50:00,13:51:00,13:52:00,13:53:00,13:54:00,13:55:00,13:56:38,13:58:17,13:59:16,14:01:14,14:03:02,14:04:10,14:05:40,14:06:44,14:07:53,14:09:19,14:10:19,14:11:16,14:12:43,14:14:11,14:15:11,14:16:27,14:17:44,14:20:29,14:22:18,14:23:57,14:25:50
13:32:00,13:33:00,13:34:00,13:35:00,13:36:00,13:38:00,13:38:30,13:40:00,13:41:00,13:41:30,13:42:00,13:43:00,13:44:00,13:45:00,13:46:00,13:47:00,13:47:30,13:48:00,13:50:00,13:51:00,13:51:30,13:52:00,13:54:00,13:55:00,13:55:30,13:56:00,13:56:30,13:57:00,13:58:00,13:59:00,14:00:00,14:01:00,14:02:00,14:03:00,14:04:38,14:06:17,14:07:16,14:09:14,14:11:02,14:12:10,14:13:40,14:14:44,14:15:53,14:17:19,14:18:19,14:19:16,14:20:43,14:22:11,14:23:11,14:24:27,14:25:44,14:28:29,14:30:18,14:31:57,14:33:50
13:40:00,13:41:00,13:42:00,13:43:00,13:44:00,13:46:00,13:46:30,13:48:00,13:49:00,13:49:30,13:50:00,13:51:00,13:52:00,13:53:00,13:54:00,13:55:00,13:55:30,13:56:00,13:58:00,13:59:00,13:59:30,14:00:00,14:02:00,14:03:00,14:03:30,14:04:00,14:04:30,14:05:00,14:06:00,14:07:00,14:08:00,14:09:00,14:10:00,14:11:00,14:12:38,14:14:17,14:15:16,14:17:14,14:19:02,14:20:10,14:21:40,14:22:44,14:23:53,14:25:19,14:26:19,14:27:16,14:28:43,14:30:11,14:31:11,14:32:27,14:33:44,14:36:29,14:38:18,14:39:57,14:41:50
13:48:00,13:49:00,13:50:00,13:51:00,13:52:00,13:54:00,13:54:30,13:56:00,13:57:00,13:57:30,13:58:00,13:59:00,14:00:00,14:01:00,14:02:00,14:03:00,14:03:30,14:04:00,14:06:00,14:07:00,14:07:30,14:08:00,14:10:00,14:11:00,14:11:30,14:12:00,14:12:30,14:13:00,14:14:00,14:15:00,14:16:00,14:17:00,14:18:00,14:19:00,14:20:38,14:22:17,14:23:16,14:25:14,14:27:02,14:28:10,14:29:40,14:30:44,14:31:53,14:33:19,14:34:19,14:35:16,14:36:43,14:38:11,14:39:11,14:40:27,14:41:44,14:44:29,14:46:18,14:47:57,14:49:50
13:56:00,13:57:00,13:58:00,13:59:00,14:00:00,14:02:00,14:02:30,14:04:00,14:05:00,14:05:30,14:06:00,14:07:00,14:08:00,14:09:00,14:10:00,14:11:00,14:11:30,14:12:00,14:14:00,14:15:00,14:15:30,14:16:00,14:18:00,14:19:00,14:19:30,14:20:00,14:20:30,14:21:00,14:22:00,14:23:00,14:24:00,14:25:00,14:26:00,14:27:00,14:28:38,14:30:17,14:31:16,14:33:14,14:35:02,14:36:10,14:37:40,14:38:44,14:39:53,14:41:19,14:42:19,14:43:16,14:44:43,14:46:11,14:47:11,14:48:27,14:49:44,14:52:29,14:54:18,14:55:57,14:57:50
14:04:00,14:05:00,14:06:00,14:07:00,14:08:00,14:10:00,14:10:30,14:12:00,14:13:00,14:13:30,14:14:00,14:15:00,14:16:00,14:17:00,14:18:00,14:19:00,14:19:30,14:20:00,14:22:00,14:23:00,14:23:30,14:24:00,14:26:00,14:27:00,14:27:30,14:28:00,14:28:30,14:29:00,14:30:00,14:31:00,14:32:00,14:33:00,14:34:00,14:35:00,14:36:38,14:38:17,14:39:16,14:41:14,14:43:02,14:44:10,14:45:40,14:46:44,14:47:53,14:49:19,14:50:19,14:51:16,14:52:43,14:54:11,14:55:11,14:56:27,14:57:44,15:00:29,15:02:18,15:03:57,15:05:50
14:12:00,14:13:00,14:14:00,14:15:00,14:16:00,14:18:00,14:18:30,14:20:00,14:21:00,14:21:30,14:22:00,14:23:00,14:24:00,14:25:00,14:26:00,14:27:00,14:27:30,14:28:00,14:30:00,14:31:00,14:31:30,14:32:00,14:34:00,14:35:00,14:35:30,14:36:00,14:36:30,14:37:00,14:38:00,14:39:00,14:40:00,14:41:00,14:42:00,14:43:00,14:44:38,14:46:17,14:47:16,14:49:14,14:51:02,14:52:10,14:53:40,14:54:44,14:55:53,14:57:19,14:58:19,14:59:16,15:00:43,15:02:11,15:03:11,15:04:27,15:05:44,15:08:29,15:10:18,15:11:57,15:13:50
14:20:00,14:21:00,14:22:00,14:23:00,14:24:00,14:26:00,14:26:30,14:28:00,14:29:00,14:29:30,14:30:00,14:31:00,14:32:00,14:33:00,14:34:00,14:35:00,14:35:30,14:36:00,14:38:00,14:39:00,14:39:30,14:40:00,14:42:00,14:43:00,14:43:30,14:44:00,14:44:30,14:45:00,14:46:00,14:47:00,14:48:00,14:49:00,14:50:00,14:51:00,14:52:38,14:54:17,14:55:16,14:57:14,14:59:02,15:00:10,15:01:40,15:02:44,15:03:53,15:05:19,15:06:19,15:07:16,15:08:43,15:10:11,15:11:11,15:12:27,15:13:44,15:16:29,15:18:18,15:19:57,15:21:50
14:28:00,14:29:00,14:30:00,14:31:00,14:32:00,14:34:00,14:34:30,14:36:00,14:37:00,14:37:30,14:38:00,14:39:00,14:40:00,14:41:00,14:42:00,14:43:00,14:43:30,14:44:00,14:46:00,14:47:00,14:47:30,14:48:00,14:50:00,14:51:00,14:51:30,14:52:00,14:52:30,14:53:00,14:54:00,14:55:00,14:56:00,14:57:00,14:58:00,14:59:00,15:00:38,15:02:17,15:03:16,15:05:14,15:07:02,15:08:10,15:09:40,15:10:44,15:11:53,15:13:19,15:14:19,15:15:16,15:16:43,15:18:11,15:19:11,15:20:27,15:21:44,15:24:29,15:26:18,15:27:57,15:29:50
14:36:00,14:37:00,14:38:00,14:39:00,14:40:00,14:42:00,14:42:30,14:44:00,14:45:00,14:45:30,14:46:00,14:47:00,14:48:00,14:49:00,14:50:00,14:51:00,14:51:30,14:52:00,14:54:00,14:55:00,14:55:30,14:56:00,14:58:00,14:59:00,14:59:30,15:00:00,15:00:30,15:01:00,15:02:00,15:03:00,15:04:00,15:05:00,15:06:00,15:07:00,15:08:38,15:10:17,15:11:16,15:13:14,15:15:02,15:16:10,15:17:40,15:18:44,15:19:53,15:21:19,15:22:19,15:23:16,15:24:43,15:26:11,15:27:11,15:28:27,15:29:44,15:32:29,15:34:18,15:35:57,15:37:50
14:44:00,14:45:00,14:46:00,14:47:00,14:48:00,14:50:00,14:50:30,14:52:00,14:53:00,14:53:30,14:54:00,14:55:00,14:56:00,14:57:00,14:58:00,14:59:00,14:59:30,15:00:00,15:02:00,15:03:00,15:03:30,15:04:00,15:06:00,15:07:00,15:07:30,15:08:00,15:08:30,15:09:00,15:10:00,15:11:00,15:12:00,15:13:00,15:14:00,15:15:00,15:16:38,15:18:17,15:19:16,15:21:14,15:23:02,15:24:10,15:25:40,15:26:44,15:27:53,15:29:19,15:30:19,15:31:16,15:32:43,15:34:11,15:35:11,15:36:27,15:37:44,15:40:29,15:42:18,15:43:57,15:45:50
14:52:00,14:53:00,14:54:00,14:55:00,14:56:00,14:58:00,14:58:30,15:00:00,15:01:00,15:01:30,15:02:00,15:03:00,15:04:00,15:05:00,15:06:00,15:07:00,15:07:30,15:08:00,15:10:00,15:11:00,15:11:30,15:12:00,15:14:00,15:15:00,15:15:30,15:16:00,15:16:30,15:17:00,15:18:00,15:19:00,15:20:00,15:21:00,15:22:00,15:23:00,15:24:38,15:26:17,15:27:16,15:29:14,15:31:02,15:32:10,15:33:40,15:34:44,15:35:53,15:37:19,15:38:19,15:39:16,15:40:43,15:42:11,15:43:11,15:44:27,15:45:44,15:48:29,15:50:18,15:51:57,15:53:50
15:00:00,15:01:00,15:02:00,15:03:00,15:04:00,15:06:00,15:06:30,15:08:00,15:09:00,15:09:30,15:10:00,15:11:00,15:12:00,15:13:00,15:14:00,15:15:00,15:15:30,15:16:00,15:18:00,15:19:00,15:19:30,15:20:00,15:22:00,15:23:00,15:23:30,15:24:00,15:24:30,15:25:00,15:26:00,15:27:00,15:28:00,15:29:00,15:30:00,15:31:00,15:32:38,15:34:17,15:35:16,15:37:14,15:39:02,15:40:10,15:41:40,15:42:44,15:43:53,15:45:19,15:46:19,15:47:16,15:48:43,15:50:11,15:51:11,15:52:27,15:53:44,15:56:29,15:58:18,15:59:57,16:01:50
15:08:00,15:09:00,15:10:00,15:11:00,15:12:00,15:14:00,15:14:30,15:16:00,15:17:00,15:17:30,15:18:00,15:19:00,15:20:00,15:21:00,15:22:00,15:23:00,15:23:30,15:24:00,15:26:00,15:27:00,15:27:30,15:28:00,15:30:00,15:31:00,15:31:30,15:32:00,15:32:30,15:33:00,15:34:00,15:35:00,15:36:00,15:37:00,15:38:00,15:39:00,15:40:38,15:42:17,15:43:16,15:45:14,15:47:02,15:48:10,15:49:40,15:50:44,15:51:53,15:53:19,15:54:19,15:55:16,15:56:43,15:58:11,15:59:11,16:00:27,16:01:44,16:04:29,16:06:18,16:07:57,16:09:50
15:16:00,15:17:00,15:18:00,15:19:00,15:20:00,15:22:00,15:22:30,15:24:00,15:25:00,15:25:30,15:26:00,15:27:00,15:28:00,15:29:00,15:30:00,15:31:00,15:31:30,15:32:00,15:34:00,15:35:00,15:35:30,15:36:00,15:38:00,15:39:00,15:39:30,15:40:00,15:40:30,15:41:00,15:42:00,15:43:00,15:44:00,15:45:00,15:46:00,15:47:00,15:48:38,15:50:17,15:51:16,15:53:14,15:55:02,15:56:10,15:57:40,15:58:44,15:59:53,16:01:19,16:02:19,16:03:16,16:04:43,16:06:11,16:07:11,16:08:27,16:09:44,16:12:29,16:14:18,16:15:57,16:17:50
15:24:00,15:25:00,15:26:00,15:27:00,15:28:00,15:30:00,15:30:30,15:32:00,15:33:00,15:33:30,15:34:00,15:35:00,15:36:00,15:37:00,15:38:00,15:39:00,15:39:30,15:40:00,15:42:00,15:43:00,15:43:30,15:44:00,15:46:00,15:47:00,15:47:30,15:48:00,15:48:30,15:49:00,15:50:00,15:51:00,15:52:00,15:53:00,15:54:00,15:55:00,15:56:38,15:58:17,15:59:16,16:01:14,16:03:02,16:04:10,16:05:40,16:06:44,16:07:53,16:09:19,16:10:19,16:11:16,16:12:43,16:14:11,16:15:11,16:16:27,16:17:44,16:20:29,16:22:18,16:23:57,16:25:50
15:32:00,15:33:00,15:34:00,15:35:00,15:36:00,15:38:00,15:38:30,15:40:00,15:41:00,15:41:30,15:42:00,15:43:00,15:44:00,15:45:00,15:46:00,15:47:00,15:47:30,15:48:00,15:50:00,15:51:00,15:51:30,15:52:00,15:54:00,15:55:00,15:55:30,15:56:00,15:56:30,15:57:00,15:58:00,15:59:00,16:00:00,16:01:00,16:02:00,16:03:00,16:04:38,16:06:17,16:07:16,16:09:14,16:11:02,16:12:10,16:13:40,16:14:44,16:15:53,16:17:19,16:18:19,16:19:16,16:20:43,16:22:11,16:23:11,16:24:27,16:25:44,16:28:29,16:30:18,16:31:57,16:33:50
15:40:00,15:41:00,15:42:00,15:43:00,15:44:00,15:46:00,15:46:30,15:48:00,15:49:00,15:49:30,15:50:00,15:51:00,15:52:00,15:53:00,15:54:00,15:55:00,15:55:30,15:56:00,15:58:00,15:59:00,15:59:30,16:00:00,16:02:00,16:03:00,16:03:30,16:04:00,16:04:30,16:05:00,16:06:00,16:07:00,16:08:00,16:09:00,16:10:00,16:11:00,16:12:38,16:14:17,16:15:16,16:17:14,16:19:02,16:20:10,16:21:40,16:22:44,16:23:53,16:25:19,16:26:19,16:27:16,16:28:43,16:30:11,16:31:11,16:32:27,16:33:44,16:36:29,16:38:18,16:39:57,16:41:50
15:45:00,15:46:00,15:47:00,15:48:00,15:49:00,15:51:00,15:51:30,15:53:00,15:54:00,15:54:30,15:55:00,15:56:00,15:57:00,15:58:00,15:59:00,16:00:00,16:00:30,16:01:00,16:03:00,16:04:00,16:04:30,16:05:00,16:07:00,16:08:00,16:08:30,16:09:00,16:09:30,16:10:00,16:11:00,16:12:00,16:13:00,16:14:00,16:15:00,16:16:00,16:17:38,16:19:17,16:20:16,16:22:14,16:24:02,16:25:10,16:26:40,16:27:44,16:28:53,16:30:19,16:31:19,16:32:16,16:33:43,16:35:11,16:36:11,16:37:27,16:38:44,16:41:29,16:43:18,16:44:57,16:46:50
15:50:00,15:51:00,15:52:00,15:53:00,15:54:00,15:56:00,15:56:30,15:58:00,15:59:00,15:59:30,16:00:00,16:01:00,16:02:00,16:03:00,16:04:00,16:05:00,16:05:30,16:06:00,16:08:00,16:09:00,16:09:30,16:10:00,16:12:00,16:13:00,16:13:30,16:14:00,16:14:30,16:15:00,16:16:00,16:17:00,16:18:00,16:19:00,16:20:00,16:21:00,16:22:38,16:24:17,16:25:16,16:27:14,16:29:02,16:30:10,16:31:40,16:32:44,16:33:53,16:35:19,16:36:19,16:37:16,16:38:43,16:40:11,16:41:11,16:42:27,16:43:44,16:46:29,16:48:18,16:49:57,16:51:50
15:55:00,15:56:00,15:57:00,15:58:00,15:59:00,16:01:00,16:01:30,16:03:00,16:04:00,16:04:30,16:05:00,16:06:00,16:07:00,16:08:00,16:09:00,16:10:00,16:10:30,16:11:00,16:13:00,16:14:00,16:14:30,16:15:00,16:17:00,16:18:00,16:18:30,16:19:00,16:19:30,16:20:00,16:21:00,16:22:00,16:23:00,16:24:00,16:25:00,16:26:00,16:27:38,16:29:17,16:30:16,16:32:14,16:34:02,16:35:10,16:36:40,16:37:44,16:38:53,16:40:19,16:41:19,16:42:16,16:43:43,16:45:11,16:46:11,16:47:27,16:48:44,16:51:29,16:53:18,16:54:57,16:56:50
16:00:00,16:01:00,16:02:00,16:03:00,16:04:00,16:06:00,16:06:30,16:08:00,16:09:00,16:09:30,16:10:00,16:11:00,16:12:00,16:13:00,16:14:00,16:15:00,16:15:30,16:16:00,16:18:00,16:19:00,16:19:30,16:20:00,16:22:00,16:23:00,16:23:30,16:24:00,16:24:30,16:25:00,16:26:00,16:27:00,16:28:00,16:29:00,16:30:00,16:31:00,16:32:38,16:34:17,16:35:16,16:37:14,16:39:02,16:40:10,16:41:40,16:42:44,16:43:53,16:45:19,16:46:19,16:47:16,16:48:43,16:50:11,16:51:11,16:52:27,16:53:44,16:56:29,16:58:18,16:59:57,17:01:50
16:05:00,16:06:00,16:07:00,16:08:00,16:09:00,16:11:00,16:11:30,16:13:00,16:14:00,16:14:30,16:15:00,16:16:00,16:17:00,16:18:00,16:19:00,16:20:00,16:20:30,16:21:00,16:23:00,16:24:00,16:24:30,16:25:00,16:27:00,16:28:00,16:28:30,16:29:00,16:29:30,16:30:00,16:31:00,16:32:00,16:33:00,16:34:00,16:35:00,16:36:00,16:37:38,16:39:17,16:40:16,16:42:14,16:44:02,16:45:10,16:46:40,16:47:44,16:48:53,16:50:19,16:51:19,16:52:16,16:53:43,16:55:11,16:56:11,16:57:27,16:58:44,17:01:29,17:03:18,17:04:57,17:06:50
16:10:00,16:11:00,16:12:00,16:13:00,16:14:00,16:16:00,16:16:30,16:18:00,16:19:00,16:19:30,16:20:00,16:21:00,16:22:00,16:23:00,16:24:00,16:25:00,16:25:30,16:26:00,16:28:00,16:29:00,16:29:30,16:30:00,16:32:00,16:33:00,16:33:30,16:34:00,16:34:30,16:35:00,16:36:00,16:37:00,16:38:00,16:39:00,16:40:00,16:41:00,16:42:38,16:44:17,16:45:16,16:47:14,16:49:02,16:50:10,16:51:40,16:52:44,16:53:53,16:55:19,16:56:19,16:57:16,16:58:43,17:00:11,17:01:11,17:02:27,17:03:44,17:06:29,17:08:18,17:09:57,17:11:50
16:15:00,16:16:00,16:17:00,16:18:00,16:19:00,16:21:00,16:21:30,16:23:00,16:24:00,16:24:30,16:25:00,16:26:00,16:27:00,16:28:00,16:29:00,16:30:00,16:30:30,16:31:00,16:33:00,16:34:00,16:34:30,16:35:00,16:37:00,16:38:00,16:38:30,16:39:00,16:39:30,16:40:00,16:41:00,16:42:00,16:43:00,16:44:00,16:45:00,16:46:00,16:47:38,16:49:17,16:50:16,16:52:14,16:54:02,16:55:10,16:56:40,16:57:44,16:58:53,17:00:19,17:01:19,17:02:16,17:03:43,17:05:11,17:06:11,17:07:27,17:08:44,17:11:29,17:13:18,17:14:57,17:16:50
16:20:00,16:21:00,16:22:00,16:23:00,16:24:00,16:26:00,16:26:30,16:28:00,16:29:00,16:29:30,16:30:00,16:31:00,16:32:00,16:33:00,16:34:00,16:35:00,16:35:30,16:36:00,16:38:00,16:39:00,16:39:30,16:40:00,16:42:00,16:43:00,16:43:30,16:44:00,16:44:30,16:45:00,16:46:00,16:47:00,16:48:00,16:49:00,16:50:00,16:51:00,16:52:38,16:54:17,16:55:16,16:57:14,16:59:02,17:00:10,17:01:40,17:02:44,17:03:53,17:05:19,17:06:19,17:07:16,17:08:43,17:10:11,17:11:11,17:12:27,17:13:44,17:16:29,17:18:18,17:19:57,17:21:50
16:25:00,16:26:00,16:27:00,16:28:00,16:29:00,16:31:00,16:31:30,16:33:00,16:34:00,16:34:30,16:35:00,16:36:00,16:37:00,16:38:00,16:39:00,16:40:00,16:40:30,16:41:00,16:43:00,16:44:00,16:44:30,16:45:00,16:47:00,16:48:00,16:48:30,16:49:00,16:49:30,16:50:00,16:51:00,16:52:00,16:53:00,16:54:00,16:55:00,16:56:00,16:57:38,16:59:17,17:00:16,17:02:14,17:04:02,17:05:10,17:06:40,17:07:44,17:08:53,17:10:19,17:11:19,17:12:16,17:13:43,17:15:11,17:16:11,17:17:27,17:18:44,17:21:29,17:23:18,17:24:57,17:26:50
16:30:00,16:31:00,16:32:00,16:33:00,16:34:00,16:36:00,16:36:30,16:38:00,16:39:00,16:39:30,16:40:00,16:41:00,16:42:00,16:43:00,16:44:00,16:45:00,16:45:30,16:46:00,16:48:00,16:49:00,16:49:30,16:50:00,16:52:00,16:53:00,16:53:30,16:54:00,16:54:30,16:55:00,16:56:00,16:57:00,16:58:00,16:59:00,17:00:00,17:01:00,17:02:38,17:04:17,17:05:16,17:07:14,17:09:02,17:10:10,17:11:40,17:12:44,17:13:53,17:15:19,17:16:19,17:17:16,17:18:43,17:20:11,17:21:11,17:22:27,17:23:44,17:26:29,17:28:18,17:29:57,17:31:50
16:35:00,16:36:00,16:37:00,16:38:00,16:39:00,16:41:00,16:41:30,16:43:00,16:44:00,16:44:30,16:45:00,16:46:00,16:47:00,16:48:00,16:49:00,16:50:00,16:50:30,16:51:00,16:53:00,16:54:00,16:54:30,16:55:00,16:57:00,16:58:00,16:58:30,16:59:00,16:59:30,17:00:00,17:01:00,17:02:00,17:03:00,17:04:00,17:05:00,17:06:00,17:07:38,17:09:17,17:10:16,17:12:14,17:14:02,17:15:10,17:16:40,17:17:44,17:18:53,17:20:19,17:21:19,17:22:16,17:23:43,17:25:11,17:26:11,17:27:27,17:28:44,17:31:29,17:33:18,17:34:57,17:36:50
16:40:00,16:41:00,16:42:00,16:43:00,16:44:00,16:46:00,16:46:30,16:48:00,16:49:00,16:49:30,16:50:00,16:51:00,16:52:00,16:53:00,16:54:00,16:55:00,16:55:30,16:56:00,16:58:00,16:59:00,16:59:30,17:00:00,17:02:00,17:03:00,17:03:30,17:04:00,17:04:30,17:05:00,17:06:00,17:07:00,17:08:00,17:09:00,17:10:00,17:11:00,17:12:38,17:14:17,17:15:16,17:17:14,17:19:02,17:20:10,17:21:40,17:22:44,17:23:53,17:25:19,17:26:19,17:27:16,17:28:43,17:30:11,17:31:11,17:32:27,17:33:44,17:36:29,17:38:18,17:39:57,17:41:50
16:45:00,16:46:00,16:47:00,16:48:00,16:49:00,16:51:00,16:51:30,16:53:00,16:54:00,16:54:30,16:55:00,16:56:00,16:57:00,16:58:00,16:59:00,17:00:00,17:00:30,17:01:00,17:03:00,17:04:00,17:04:30,17:05:00,17:07:00,17:08:00,17:08:30,17:09:00,17:09:30,17:10:00,17:11:00,17:12:00,17:13:00,17:14:00,17:15:00,17:16:00,17:17:38,17:19:17,17:20:16,17:22:14,17:24:02,17:25:10,17:26:40,17:27:44,17:28:53,17:30:19,17:31:19,17:32:16,17:33:43,17:35:11,17:36:11,17:37:27,17:38:44,17:41:29,17:43:18,17:44:57,17:46:50
16:50:00,16:51:00,16:52:00,16:53:00,16:54:00,16:56:00,16:56:30,16:58:00,16:59:00,16:59:30,17:00:00,17:01:00,17:02:00,17:03:00,17:04:00,17:05:00,17:05:30,17:06:00,17:08:00,17:09:00,17:09:30,17:10:00,17:12:00,17:13:00,17:13:30,17:14:00,17:14:30,17:15:00,17:16:00,17:17:00,17:18:00,17:19:00,17:20:00,17:21:00,17:22:38,17:24:17,17:25:16,17:27:14,17:29:02,17:30:10,17:31:40,17:32:44,17:33:53,17:35:19,17:36:19,17:37:16,17:38:43,17:40:11,17:41:11,17:42:27,17:43:44,17:46:29,17:48:18,17:49:57,17:51:50
16:55:00,16:56:00,16:57:00,16:58:00,16:59:00,17:01:00,17:01:30,17:03:00,17:04:00,17:04:30,17:05:00,17:06:00,17:07:00,17:08:00,17:09:00,17:10:00,17:10:30,17:11:00,17:13:00,17:14:00,17:14:30,17:15:00,17:17:00,17:18:00,17:18:30,17:19:00,17:19:30,17:20:00,17:21:00,17:22:00,17:23:00,17:24:00,17:25:00,17:26:00,17:27:38,17:29:17,17:30:16,17:32:14,17:34:02,17:35:10,17:36:40,17:37:44,17:38:53,17:40:19,17:41:19,17:42:16,17:43:43,17:45:11,17:46:11,17:47:27,17:48:44,17:51:29,17:53:18,17:54:57,17:56:50
17:00:00,17:01:00,17:02:00,17:03:00,17:04:00,17:06:00,17:06:30,17:08:00,17:09:00,17:09:30,17:10:00,17:11:00,17:12:00,17:13:00,17:14:00,17:15:00,17:15:30,17:16:00,17:18:00,17:19:00,17:19:30,17:20:00,17:22:00,17:23:00,17:23:30,17:24:00,17:24:30,17:25:00,17:26:00,17:27:00,17:28:00,17:29:00,17:30:00,17:31:00,17:32:38,17:34:17,17:35:16,17:37:14,17:39:02,17:40:10,17:41:40,17:42:44,17:43:53,17:45:19,17:46:19,17:47:16,17:48:43,17:50:11,17:51:11,17:52:27,17:53:44,17:56:29,17:58:18,17:59:57,18:01:50
17:05:00,17:06:00,17:07:00,17:08:00,17:09:00,17:11:00,17:11:30,17:13:00,17:14:00,17:14:30,17:15:00,17:16:00,17:17:00,17:18:00,17:19:00,17:20:00,17:20:30,17:21:00,17:23:00,17:24:00,17:24:30,17:25:00,17:27:00,17:28:00,17:28:30,17:29:00,17:29:30,17:30:00,17:31:00,17:32:00,17:33:00,17:34:00,17:35:00,17:36:00,17:37:38,17:39:17,17:40:16,17:42:14,17:44:02,17:45:10,17:46:40,17:47:44,17:48:53,17:50:19,17:51:19,17:52:16,17:53:43,17:55:11,17:56:11,17:57:27,17:58:44,18:01:29,18:03:18,18:04:57,18:06:50
17:10:00,17:11:00,17:12:00,17:13:00,17:14:00,17:16:00,17:16:30,17:18:00,17:19:00,17:19:30,17:20:00,17:21:00,17:22:00,17:23:00,17:24:00,17:25:00,17:25:30,17:26:00,17:28:00,17:29:00,17:29:30,17:30:00,17:32:00,17:33:00,17:33:30,17:34:00,17:34:30,17:35:00,17:36:00,17:37:00,17:38:00,17:39:00,17:40:00,17:41:00,17:42:38,17:44:17,17:45:16,17:47:14,17:49:02,17:50:10,17:51:40,17:52:44,17:53:53,17:55:19,17:56:19,17:57:16,17:58:43,18:00:11,18:01:11,18:02:27,18:03:44,18:06:29,18:08:18,18:09:57,18:11:50
17:15:00,17:16:00,17:17:00,17:18:00,17:19:00,17:21:00,17:21:30,17:23:00,17:24:00,17:24:30,17:25:00,17:26:00,17:27:00,17:28:00,17:29:00,17:30:00,17:30:30,17:31:00,17:33:00,17:34:00,17:34:30,17:35:00,17:37:00,17:38:00,17:38:30,17:39:00,17:39:30,17:40:00,17:41:00,17:42:00,17:43:00,17:44:00,17:45:00,17:46:00,17:47:38,17:49:17,17:50:16,17:52:14,17:54:02,17:55:10,17:56:40,17:57:44,17:58:53,18:00:19,18:01:19,18:02:16,18:03:43,18:05:11,18:06:11,18:07:27,18:08:44,18:11:29,18:13:18,18:14:57,18:16:50
17:20:00,17:21:00,17:22:00,17:23:00,17:24:00,17:26:00,17:26:30,17:28:00,17:29:00,17:29:30,17:30:00,17:31:00,17:32:00,17:33:00,17:34:00,17:35:00,17:35:30,17:36:00,17:38:00,17:39:00,17:39:30,17:40:00,17:42:00,17:43:00,17:43:30,17:44:00,17:44:30,17:45:00,17:46:00,17:47:00,17:48:00,17:49:00,17:50:00,17:51:00,17:52:38,17:54:17,17:55:16,17:57:14,17:59:02,18:00:10,18:01:40,18:02:44,18:03:53,18:05:19,18:06:19,18:07:16,18:08:43,18:10:11,18:11:11,18:12:27,18:13:44,18:16:29,18:18:18,18:19:57,18:21:50
17:25:00,17:26:00,17:27:00,17:28:00,17:29:00,17:31:00,17:31:30,17:33:00,17:34:00,17:34:30,17:35:00,17:36:00,17:37:00,17:38:00,17:39:00,17:40:00,17:40:30,17:41:00,17:43:00,17:44:00,17:44:30,17:45:00,17:47:00,17:48:00,17:48:30,17:49:00,17:49:30,17:50:00,17:51:00,17:52:00,17:53:00,17:54:00,17:55:00,17:56:00,17:57:38,17:59:17,18:00:16,18:02:14,18:04:02,18:05:10,18:06:40,18:07:44,18:08:53,18:10:19,18:11:19,18:12:16,18:13:43,18:15:11,18:16:11,18:17:27,18:18:44,18:21:29,18:23:18,18:24:57,18:26:50
17:30:00,17:31:00,17:32:00,17:33:00,17:34:00,17:36:00,17:36:30,17:38:00,17:39:00,17:39:30,17:40:00,17:41:00,17:42:00,17:43:00,17:44:00,17:45:00,17:45:30,17:46:00,17:48:00,17:49:00,17:49:30,17:50:00,17:52:00,17:53:00,17:53:30,17:54:00,17:54:30,17:55:00,17:56:00,17:57:00,17:58:00,17:59:00,18:00:00,18:01:00,18:02:38,18:04:17,18:05:16,18:07:14,18:09:02,18:10:10,18:11:40,18:12:44,18:13:53,18:15:19,18:16:19,18:17:16,18:18:43,18:20:11,18:21:11,18:22:27,18:23:44,18:26:29,18:28:18,18:29:57,18:31:50
17:35:00,17:36:00,17:37:00,17:38:00,17:39:00,17:41:00,17:41:30,17:43:00,17:44:00,17:44:30,17:45:00,17:46:00,17:47:00,17:48:00,17:49:00,17:50:00,17:50:30,17:51:00,17:53:00,17:54:00,17:54:30,17:55:00,17:57:00,17:58:00,17:58:30,17:59:00,17:59:30,18:00:00,18:01:00,18:02:00,18:03:00,18:04:00,18:05:00,18:06:00,18:07:38,18:09:17,18:10:16,18:12:14,18:14:02,18:15:10,18:16:40,18:17:44,18:18:53,18:20:19,18:21:19,18:22:16,18:23:43,18:25:11,18:26:11,18:27:27,18:28:44,18:31:29,18:33:18,18:34:57,18:36:50
17:40:00,17:41:00,17:42:00,17:43:00,17:44:00,17:46:00,17:46:30,17:48:00,17:49:00,17:49:30,17:50:00,17:51:00,17:52:00,17:53:00,17:54:00,17:55:00,17:55:30,17:56:00,17:58:00,17:59:00,17:59:30,18:00:00,18:02:00,18:03:00,18:03:30,18:04:00,18:04:30,18:05:00,18:06:00,18:07:00,18:08:00,18:09:00,18:10:00,18:11:00,18:12:38,18:14:17,18:15:16,18:17:14,18:19:02,18:20:10,18:21:40,18:22:44,18:23:53,18:25:19,18:26:19,18:27:16,18:28:43,18:30:11,18:31:11,18:32:27,18:33:44,18:36:29,18:38:18,18:39:57,18:41:50
17:45:00,17:46:00,17:47:00,17:48:00,17:49:00,17:51:00,17:51:30,17:53:00,17:54:00,17:54:30,17:55:00,17:56:00,17:57:00,17:58:00,17:59:00,18:00:00,18:00:30,18:01:00,18:03:00,18:04:00,18:04:30,18:05:00,18:07:00,18:08:00,18:08:30,18:09:00,18:09:30,18:10:00,18:11:00,18:12:00,18:13:00,18:14:00,18:15:00,18:16:00,18:17:38,18:19:17,18:20:16,18:22:14,18:24:02,18:25:10,18:26:40,18:27:44,18:28:53,18:30:19,18:31:19,18:32:16,18:33:43,18:35:11,18:36:11,18:37:27,18:38:44,18:41:29,18:43:18,18:44:57,18:46:50
17:50:00,17:51:00,17:52:00,17:53:00,17:54:00,17:56:00,17:56:30,17:58:00,17:59:00,17:59:30,18:00:00,18:01:00,18:02:00,18:03:00,18:04:00,18:05:00,18:05:30,18:06:00,18:08:00,18:09:00,18:09:30,18:10:00,18:12:00,18:13:00,18:13:30,18:14:00,18:14:30,18:15:00,18:16:00,18:17:00,18:18:00,18:19:00,18:20:00,18:21:00,18:22:38,18:24:17,18:25:16,18:27:14,18:29:02,18:30:10,18:31:40,18:32:44,18:33:53,18:35:19,18:36:19,18:37:16,18:38:43,18:40:11,18:41:11,18:42:27,18:43:44,18:46:29,18:48:18,18:49:57,18:51:50
17:55:00,17:56:00,17:57:00,17:58:00,17:59:00,18:01:00,18:01:30,18:03:00,18:04:00,18:04:30,18:05:00,18:06:00,18:07:00,18:08:00,18:09:00,18:10:00,18:10:30,18:11:00,18:13:00,18:14:00,18:14:30,18:15:00,18:17:00,18:18:00,18:18:30,18:19:00,18:19:30,18:20:00,18:21:00,18:22:00,18:23:00,18:24:00,18:25:00,18:26:00,18:27:38,18:29:17,18:30:16,18:32:14,18:34:02,18:35:10,18:36:40,18:37:44,18:38:53,18:40:19,18:41:19,18:42:16,18:43:43,18:45:11,18:46:11,18:47:27,18:48:44,18:51:29,18:53:18,18:54:57,18:56:50
18:00:00,18:01:00,18:02:00,18:03:00,18:04:00,18:06:00,18:06:30,18:08:00,18:09:00,18:09:30,18:10:00,18:11:00,18:12:00,18:13:00,18:14:00,18:15:00,18:15:30,18:16:00,18:18:00,18:19:00,18:19:30,18:20:00,18:22:00,18:23:00,18:23:30,18:24:00,18:24:30,18:25:00,18:26:00,18:27:00,18:28:00,18:29:00,18:30:00,18:31:00,18:32:38,18:34:17,18:35:16,18:37:14,18:39:02,18:40:10,18:41:40,18:42:44,18:43:53,18:45:19,18:46:19,18:47:16,18:48:43,18:50:11,18:51:11,18:52:27,18:53:44,18:56:29,18:58:18,18:59:57,19:01:50
18:05:00,18:06:00,18:07:00,18:08:00,18:09:00,18:11:00,18:11:30,18:13:00,18:14:00,18:14:30,18:15:00,18:16:00,18:17:00,18:18:00,18:19:00,18:20:00,18:20:30,18:21:00,18:23:00,18:24:00,18:24:30,18:25:00,18:27:00,18:28:00,18:28:30,18:29:00,18:29:30,18:30:00,18:31:00,18:32:00,18:33:00,18:34:00,18:35:00,18:36:00,18:37:38,18:39:17,18:40:16,18:42:14,18:44:02,18:45:10,18:46:40,18:47:44,18:48:53,18:50:19,18:51:19,18:52:16,18:53:43,18:55:11,18:56:11,18:57:27,18:58:44,19:01:29,19:03:18,19:04:57,19:06:50
18:10:00,18:11:00,18:12:00,18:13:00,18:14:00,18:16:00,18:16:30,18:18:00,18:19:00,18:19:30,18:20:00,18:21:00,18:22:00,18:23:00,18:24:00,18:25:00,18:25:30,18:26:00,18:28:00,18:29:00,18:29:30,18:30:00,18:32:00,18:33:00,18:33:30,18:34:00,18:34:30,18:35:00,18:36:00,18:37:00,18:38:00,18:39:00,18:40:00,18:41:00,18:42:38,18:44:17,18:45:16,18:47:14,18:49:02,18:50:10,18:51:40,18:52:44,18:53:53,18:55:19,18:56:19,18:57:16,18:58:43,19:00:11,19:01:11,19:02:27,19:03:44,19:06:29,19:08:18,19:09:57,19:11:50
18:15:00,18:16:00,18:17:00,18:18:00,18:19:00,18:21:00,18:21:30,18:23:00,18:24:00,18:24:30,18:25:00,18:26:00,18:27:00,18:28:00,18:29:00,18:30:00,18:30:30,18:31:00,18:33:00,18:34:00,18:34:30,18:35:00,18:37:00,18:38:00,18:38:30,18:39:00,18:39:30,18:40:00,18:41:00,18:42:00,18:43:00,18:44:00,18:45:00,18:46:00,18:47:38,18:49:17,18:50:16,18:52:14,18:54:02,18:55:10,18:56:40,18:57:44,18:58:53,19:00:19,19:01:19,19:02:16,19:03:43,19:05:11,19:06:11,19:07:27,19:08:44,19:11:29,19:13:18,19:14:57,19:16:50
18:20:00,18:21:00,18:22:00,18:23:00,18:24:00,18:26:00,18:26:30,18:28:00,18:29:00,18:29:30,18:30:00,18:31:00,18:32:00,18:33:00,18:34:00,18:35:00,18:35:30,18:36:00,18:38:00,18:39:00,18:39:30,18:40:00,18:42:00,18:43:00,18:43:30,18:44:00,18:44:30,18:45:00,18:46:00,18:47:00,18:48:00,18:49:00,18:50:00,18:51:00,18:52:38,18:54:17,18:55:16,18:57:14,18:59:02,19:00:10,19:01:40,19:02:44,19:03:53,19:05:19,19:06:19,19:07:16,19:08:43,19:10:11,19:11:11,19:12:27,19:13:44,19:16:29,19:18:18,19:19:57,19:21:50
18:25:00,18:26:00,18:27:00,18:28:00,18:29:00,18:31:00,18:31:30,18:33:00,18:34:00,18:34:30,18:35:00,18:36:00,18:37:00,18:38:00,18:39:00,18:40:00,18:40:30,18:41:00,18:43:00,18:44:00,18:44:30,18:45:00,18:47:00,18:48:00,18:48:30,18:49:00,18:49:30,18:50:00,18:51:00,18:52:00,18:53:00,18:54:00,18:55:00,18:56:00,18:57:38,18:59:17,19:00:16,19:02:14,19:04:02,19:05:10,19:06:40,19:07:44,19:08:53,19:10:19,19:11:19,19:12:16,19:13:43,19:15:11,19:16:11,19:17:27,19:18:44,19:21:29,19:23:18,19:24:57,19:26:50
18:30:00,18:31:00,18:32:00,18:33:00,18:34:00,18:36:00,18:36:30,18:38:00,18:39:00,18:39:30,18:40:00,18:41:00,18:42:00,18:43:00,18:44:00,18:45:00,18:45:30,18:46:00,18:48:00,18:49:00,18:49:30,18:50:00,18:52:00,18:53:00,18:53:30,18:54:00,18:54:30,18:55:00,18:56:00,18:57:00,18:58:00,18:59:00,19:00:00,19:01:00,19:02:38,19:04:17,19:05:16,19:07:14,19:09:02,19:10:10,19:11:40,19:12:44,19:13:53,19:15:19,19:16:19,19:17:16,19:18:43,19:20:11,19:21:11,19:22:27,19:23:44,19:26:29,19:28:18,19:29:57,19:31:50
18:35:00,18:36:00,18:37:00,18:38:00,18:39:00,18:41:00,18:41:30,18:43:00,18:44:00,18:44:30,18:45:00,18:46:00,18:47:00,18:48:00,18:49:00,18:50:00,18:50:30,18:51:00,18:53:00,18:54:00,18:54:30,18:55:00,18:57:00,18:58:00,18:58:30,18:59:00,18:59:30,19:00:00,19:01:00,19:02:00,19:03:00,19:04:00,19:05:00,19:06:00,19:07:38,19:09:17,19:10:16,19:12:14,19:14:02,19:15:10,19:16:40,19:17:44,19:18:53,19:20:19,19:21:19,19:22:16,19:23:43,19:25:11,19:26:11,19:27:27,19:28:44,19:31:29,19:33:18,19:34:57,19:36:50
18:43:00,18:44:00,18:45:00,18:46:00,18:47:00,18:49:00,18:49:30,18:51:00,18:52:00,18:52:30,18:53:00,18:54:00,18:55:00,18:56:00,18:57:00,18:58:00,18:58:30,18:59:00,19:01:00,19:02:00,19:02:30,19:03:00,19:05:00,19:06:00,19:06:30,19:07:00,19:07:30,19:08:00,19:09:00,19:10:00,19:11:00,19:12:00,19:13:00,19:14:00,19:15:38,19:17:17,19:18:16,19:20:14,19:22:02,19:23:10,19:24:40,19:25:44,19:26:53,19:28:19,19:29:19,19:30:16,19:31:43,19:33:11,19:34:11,19:35:27,19:36:44,19:39:29,19:41:18,19:42:57,19:44:50
18:51:00,18:52:00,18:53:00,18:54:00,18:55:00,18:57:00,18:57:30,18:59:00,19:00:00,19:00:30,19:01:00,19:02:00,19:03:00,19:04:00,19:05:00,19:06:00,19:06:30,19:07:00,19:09:00,19:10:00,19:10:30,19:11:00,19:13:00,19:14:00,19:14:30,19:15:00,19:15:30,19:16:00,19:17:00,19:18:00,19:19:00,19:20:00,19:21:00,19:22:00,19:23:38,19:25:17,19:26:16,19:28:14,19:30:02,19:31:10,19:32:40,19:33:44,19:34:53,19:36:19,19:37:19,19:38:16,19:39:43,19:41:11,19:42:11,19:43:27,19:44:44,19:47:29,19:49:18,19:50:57,19:52:50
18:59:00,19:00:00,19:01:00,19:02:00,19:03:00,19:05:00,19:05:30,19:07:00,19:08:00,19:08:30,19:09:00,19:10:00,19:11:00,19:12:00,19:13:00,19:14:00,19:14:30,19:15:00,19:17:00,19:18:00,19:18:30,19:19:00,19:21:00,19:22:00,19:22:30,19:23:00,19:23:30,19:24:00,19:25:00,19:26:00,19:27:00,19:28:00,19:29:00,19:30:00,19:31:38,19:33:17,19:34:16,19:36:14,19:38:02,19:39:10,19:40:40,19:41:44,19:42:53,19:44:19,19:45:19,19:46:16,19:47:43,19:49:11,19:50:11,19:51:27,19:52:44,19:55:29,19:57:18,19:58:57,20:00:50
19:07:00,19:08:00,19:09:00,19:10:00,19:11:00,19:13:00,19:13:30,19:15:00,19:16:00,19:16:30,19:17:00,19:18:00,19:19:00,19:20:00,19:21:00,19:22:00,19:22:30,19:23:00,19:25:00,19:26:00,19:26:30,19:27:00,19:29:00,19:30:00,19:30:30,19:31:00,19:31:30,19:32:00,19:33:00,19:34:00,19:35:00,19:36:00,19:37:00,19:38:00,19:39:38,19:41:17,19:42:16,19:44:14,19:46:02,19:47:10,19:48:40,19:49:44,19:50:53,19:52:19,19:53:19,19:54:16,19:55:43,19:57:11,19:58:11,19:59:27,20:00:44,20:03:29,20:05:18,20:06:57,20:08:50
19:15:00,19:16:00,19:17:00,19:18:00,19:19:00,19:21:00,19:21:30,19:23:00,19:24:00,19:24:30,19:25:00,19:26:00,19:27:00,19:28:00,19:29:00,19:30:00,19:30:30,19:31:00,19:33:00,19:34:00,19:34:30,19:35:00,19:37:00,19:38:00,19:38:30,19:39:00,19:39:30,19:40:00,19:41:00,19:42:00,19:43:00,19:44:00,19:45:00,19:46:00,19:47:38,19:49:17,19:50:16,19:52:14,19:54:02,19:55:10,19:56:40,19:57:44,19:58:53,20:00:19,20:01:19,20:02:16,20:03:43,20:05:11,20:06:11,20:07:27,20:08:44,20:11:29,20:13:18,20:14:57,20:16:50
19:23:00,19:24:00,19:25:00,19:26:00,19:27:00,19:29:00,19:29:30,19:31:00,19:32:00,19:32:30,19:33:00,19:34:00,19:35:00,19:36:00,19:37:00,19:38:00,19:38:30,19:39:00,19:41:00,19:42:00,19:42:30,19:43:00,19:45:00,19:46:00,19:46:30,19:47:00,19:47:30,19:48:00,19:49:00,19:50:00,19:51:00,19:52:00,19:53:00,19:54:00,19:55:38,19:57:17,19:58:16,20:00:14,20:02:02,20:03:10,20:04:40,20:05:44,20:06:53,20:08:19,20:09:19,20:10:16,20:11:43,20:13:11,20:14:11,20:15:27,20:16:44,20:19:29,20:21:18,20:22:57,20:24:50
19:31:00,19:32:00,19:33:00,19:34:00,19:35:00,19:37:00,19:37:30,19:39:00,19:40:00,19:40:30,19:41:00,19:42:00,19:43:00,19:44:00,19:45:00,19:46:00,19:46:30,19:47:00,19:49:00,19:50:00,19:50:30,19:51:00,19:53:00,19:54:00,19:54:30,19:55:00,19:55:30,19:56:00,19:57:00,19:58:00,19:59:00,20:00:00,20:01:00,20:02:00,20:03:38,20:05:17,20:06:16,20:08:14,20:10:02,20:11:10,20:12:40,20:13:44,20:14:53,20:16:19,20:17:19,20:18:16,20:19:43,20:21:11,20:22:11,20:23:27,20:24:44,20:27:29,20:29:18,20:30:57,20:32:50
19:39:00,19:40:00,19:41:00,19:42:00,19:43:00,19:45:00,19:45:30,19:47:00,19:48:00,19:48:30,19:49:00,19:50:00,19:51:00,19:52:00,19:53:00,19:54:00,19:54:30,19:55:00,19:57:00,19:58:00,19:58:30,19:59:00,20:01:00,20:02:00,20:02:30,20:03:00,20:03:30,20:04:00,20:05:00,20:06:00,20:07:00,20:08:00,20:09:00,20:10:00,20:11:38,20:13:17,20:14:16,20:16:14,20:18:02,20:19:10,20:20:40,20:21:44,20:22:53,20:24:19,20:25:19,20:26:16,20:27:43,20:29:11,20:30:11,20:31:27,20:32:44,20:35:29,20:37:18,20:38:57,20:40:50
19:47:00,19:48:00,19:49:00,19:50:00,19:51:00,19:53:00,19:53:30,19:55:00,19:56:00,19:56:30,19:57:00,19:58:00,19:59:00,20:00:00,20:01:00,20:02:00,20:02:30,20:03:00,20:05:00,20:06:00,20:06:30,20:07:00,20:09:00,20:10:00,20:10:30,20:11:00,20:11:30,20:12:00,20:13:00,20:14:00,20:15:00,20:16:00,20:17:00,20:18:00,20:19:38,20:21:17,20:22:16,20:24:14,20:26:02,20:27:10,20:28:40,20:29:44,20:30:53,20:32:19,20:33:19,20:34:16,20:35:43,20:37:11,20:38:11,20:39:27,20:40:44,20:43:29,20:45:18,20:46:57,20:48:50
19:55:00,19:56:00,19:57:00,19:58:00,19:59:00,20:01:00,20:01:30,20:03:00,20:04:00,20:04:30,20:05:00,20:06:00,20:07:00,20:08:00,20:09:00,20:10:00,20:10:30,20:11:00,20:13:00,20:14:00,20:14:30,20:15:00,20:17:00,20:18:00,20:18:30,20:19:00,20:19:30,20:20:00,20:21:00,20:22:00,20:23:00,20:24:00,20:25:00,20:26:00,20:27:38,20:29:17,20:30:16,20:32:14,20:34:02,20:35:10,20:36:40,20:37:44,20:38:53,20:40:19,20:41:19,20:42:16,20:43:43,20:45:11,20:46:11,20:47:27,20:48:44,20:51:29,20:53:18,20:54:57,20:56:50
20:05:00,20:06:00,20:07:00,20:08:00,20:09:00,20:11:00,20:11:30,20:13:00,20:14:00,20:14:30,20:15:00,20:16:00,20:17:00,20:18:00,20:19:00,20:20:00,20:20:30,20:21:00,20:23:00,20:24:00,20:24:30,20:25:00,20:27:00,20:28:00,20:28:30,20:29:00,20:29:30,20:30:00,20:31:00,20:32:00,20:33:00,20:34:00,20:35:00,20:36:00,20:37:38,20:39:17,20:40:16,20:42:14,20:44:02,20:45:10,20:46:40,20:47:44,20:48:53,20:50:19,20:51:19,20:52:16,20:53:43,20:55:11,20:56:11,20:57:27,20:58:44,21:01:29,21:03:18,21:04:57,21:06:50
20:15:00,20:16:00,20:17:00,20:18:00,20:19:00,20:21:00,20:21:30,20:23:00,20:24:00,20:24:30,20:25:00,20:26:00,20:27:00,20:28:00,20:29:00,20:30:00,20:30:30,20:31:00,20:33:00,20:34:00,20:34:30,20:35:00,20:37:00,20:38:00,20:38:30,20:39:00,20:39:30,20:40:00,20:41:00,20:42:00,20:43:00,20:44:00,20:45:00,20:46:00,20:47:38,20:49:17,20:50:16,20:52:14,20:54:02,20:55:10,20:56:40,20:57:44,20:58:53,21:00:19,21:01:19,21:02:16,21:03:43,21:05:11,21:06:11,21:07:27,21:08:44,21:11:29,21:13:18,21:14:57,21:16:50
20:25:00,20:26:00,20:27:00,20:28:00,20:29:00,20:31:00,20:31:30,20:33:00,20:34:00,20:34:30,20:35:00,20:36:00,20:37:00,20:38:00,20:39:00,20:40:00,20:40:30,20:41:00,20:43:00,20:44:00,20:44:30,20:45:00,20:47:00,20:48:00,20:48:30,20:49:00,20:49:30,20:50:00,20:51:00,20:52:00,20:53:00,20:54:00,20:55:00,20:56:00,20:57:38,20:59:17,21:00:16,21:02:14,21:04:02,21:05:10,21:06:40,21:07:44,21:08:53,21:10:19,21:11:19,21:12:16,21:13:43,21:15:11,21:16:11,21:17:27,21:18:44,21:21:29,21:23:18,21:24:57,21:26:50
20:35:00,20:36:00,20:37:00,20:38:00,20:39:00,20:41:00,20:41:30,20:43:00,20:44:00,20:44:30,20:45:00,20:46:00,20:47:00,20:48:00,20:49:00,20:50:00,20:50:30,20:51:00,20:53:00,20:54:00,20:54:30,20:55:00,20:57:00,20:58:00,20:58:30,20:59:00,20:59:30,21:00:00,21:01:00,21:02:00,21:03:00,21:04:00,21:05:00,21:06:00,21:07:38,21:09:17,21:10:16,21:12:14,21:14:02,21:15:10,21:16:40,21:17:44,21:18:53,21:20:19,21:21:19,21:22:16,21:23:43,21:25:11,21:26:11,21:27:27,21:28:44,21:31:29,21:33:18,21:34:57,21:36:50
20:45:00,20:46:00,20:47:00,20:48:00,20:49:00,20:51:00,20:51:30,20:53:00,20:54:00,20:54:30,20:55:00,20:56:00,20:57:00,20:58:00,20:59:00,21:00:00,21:00:30,21:01:00,21:03:00,21:04:00,21:04:30,21:05:00,21:07:00,21:08:00,21:08:30,21:09:00,21:09:30,21:10:00,21:11:00,21:12:00,21:13:00,21:14:00,21:15:00,21:16:00,21:17:38,21:19:17,21:20:16,21:22:14,21:24:02,21:25:10,21:26:40,21:27:44,21:28:53,21:30:19,21:31:19,21:32:16,21:33:43,21:35:11,21:36:11,21:37:27,21:38:44,21:41:29,21:43:18,21:44:57,21:46:50
20:55:00,20:56:00,20:57:00,20:58:00,20:59:00,21:01:00,21:01:30,21:03:00,21:04:00,21:04:30,21:05:00,21:06:00,21:07:00,21:08:00,21:09:00,21:10:00,21:10:30,21:11:00,21:13:00,21:14:00,21:14:30,21:15:00,21:17:00,21:18:00,21:18:30,21:19:00,21:19:30,21:20:00,21:21:00,21:22:00,21:23:00,21:24:00,21:25:00,21:26:00,21:27:38,21:29:17,21:30:16,21:32:14,21:34:02,21:35:10,21:36:40,21:37:44,21:38:53,21:40:19,21:41:19,21:42:16,21:43:43,21:45:11,21:46:11,21:47:27,21:48:44,21:51:29,21:53:18,21:54:57,21:56:50
21:05:00,21:06:00,21:07:00,21:08:00,21:09:00,21:11:00,21:11:30,21:13:00,21:14:00,21:14:30,21:15:00,21:16:00,21:17:00,21:18:00,21:19:00,21:20:00,21:20:30,21:21:00,21:23:00,21:24:00,21:24:30,21:25:00,21:27:00,21:28:00,21:28:30,21:29:00,21:29:30,21:30:00,21:31:00,21:32:00,21:33:00,21:34:00,21:35:00,21:36:00,21:37:38,21:39:17,21:40:16,21:42:14,21:44:02,21:45:10,21:46:40,21:47:44,21:48:53,21:50:19,21:51:19,21:52:16,21:53:43,21:55:11,21:56:11,21:57:27,21:58:44,22:01:29,22:03:18,22:04:57,22:06:50
21:15:00,21:16:00,21:17:00,21:18:00,21:19:00,21:21:00,21:21:30,21:23:00,21:24:00,21:24:30,21:25:00,21:26:00,21:27:00,21:28:00,21:29:00,21:30:00,21:30:30,21:31:00,21:33:00,21:34:00,21:34:30,21:35:00,21:37:00,21:38:00,21:38:30,21:39:00,21:39:30,21:40:00,21:41:00,21:42:00,21:43:00,21:44:00,21:45:00,21:46:00,21:47:38,21:49:17,21:50:16,21:52:14,21:54:02,21:55:10,21:56:40,21:57:44,21:58:53,22:00:19,22:01:19,22:02:16,22:03:43,22:05:11,22:06:11,22:07:27,22:08:44,22:11:29,22:13:18,22:14:57,22:16:50
21:30:00,21:31:00,21:32:00,21:33:00,21:34:00,21:36:00,21:36:30,21:38:00,21:39:00,21:39:30,21:40:00,21:41:00,21:42:00,21:43:00,21:44:00,21:45:00,21:45:30,21:46:00,21:48:00,21:49:00,21:49:30,21:50:00,21:52:00,21:53:00,21:53:30,21:54:00,21:54:30,21:55:00,21:56:00,21:57:00,21:58:00,21:59:00,22:00:00,22:01:00,22:02:38,22:04:17,22:05:16,22:07:14,22:09:02,22:10:10,22:11:40,22:12:44,22:13:53,22:15:19,22:16:19,22:17:16,22:18:43,22:20:11,22:21:11,22:22:27,22:23:44,22:26:29,22:28:18,22:29:57,22:31:50
21:45:00,21:46:00,21:47:00,21:48:00,21:49:00,21:51:00,21:51:30,21:53:00,21:54:00,21:54:30,21:55:00,21:56:00,21:57:00,21:58:00,21:59:00,22:00:00,22:00:30,22:01:00,22:03:00,22:04:00,22:04:30,22:05:00,22:07:00,22:08:00,22:08:30,22:09:00,22:09:30,22:10:00,22:11:00,22:12:00,22:13:00,22:14:00,22:15:00,22:16:00,22:17:38,22:19:17,22:20:16,22:22:14,22:24:02,22:25:10,22:26:40,22:27:44,22:28:53,22:30:19,22:31:19,22:32:16,22:33:43,22:35:11,22:36:11,22:37:27,22:38:44,22:41:29,22:43:18,22:44:57,22:46:50
22:00:00,22:01:00,22:02:00,22:03:00,22:04:00,22:06:00,22:06:30,22:08:00,22:09:00,22:09:30,22:10:00,22:11:00,22:12:00,22:13:00,22:14:00,22:15:00,22:15:30,22:16:00,22:18:00,22:19:00,22:19:30,22:20:00,22:22:00,22:23:00,22:23:30,22:24:00,22:24:30,22:25:00,22:26:00,22:27:00,22:28:00,22:29:00,22:30:00,22:31:00,22:32:38,22:34:17,22:35:16,22:37:14,22:39:02,22:40:10,22:41:40,22:42:44,22:43:53,22:45:19,22:46:19,22:47:16,22:48:43,22:50:11,22:51:11,22:52:27,22:53:44,22:56:29,22:58:18,22:59:57,23:01:50
22:15:00,22:16:00,22:17:00,22:18:00,22:19:00,22:21:00,22:21:30,22:23:00,22:24:00,22:24:30,22:25:00,22:26:00,22:27:00,22:28:00,22:29:00,22:30:00,22:30:30,22:31:00,22:33:00,22:34:00,22:34:30,22:35:00,22:37:00,22:38:00,22:38:30,22:39:00,22:39:30,22:40:00,22:41:00,22:42:00,22:43:00,22:44:00,22:45:00,22:46:00,22:47:38,22:49:17,22:50:16,22:52:14,22:54:02,22:55:10,22:56:40,22:57:44,22:58:53,23:00:19,23:01:19,23:02:16,23:03:43,23:05:11,23:06:11,23:07:27,23:08:44,23:11:29,23:13:18,23:14:57,23:16:50
22:30:00,22:31:00,22:32:00,22:33:00,22:34:00,22:36:00,22:36:30,22:38:00,22:39:00,22:39:30,22:40:00,22:41:00,22:42:00,22:43:00,22:44:00,22:45:00,22:45:30,22:46:00,22:48:00,22:49:00,22:49:30,22:50:00,22:52:00,22:53:00,22:53:30,22:54:00,22:54:30,22:55:00,22:56:00,22:57:00,22:58:00,22:59:00,23:00:00,23:01:00,23:02:38,23:04:17,23:05:16,23:07:14,23:09:02,23:10:10,23:11:40,23:12:44,23:13:53,23:15:19,23:16:19,23:17:16,23:18:43,23:20:11,23:21:11,23:22:27,23:23:44,23:26:29,23:28:18,23:29:57,23:31:50
22:45:00,22:46:00,22:47:00,22:48:00,22:49:00,22:51:00,22:51:30,22:53:00,22:54:00,22:54:30,22:55:00,22:56:00,22:57:00,22:58:00,22:59:00,23:00:00,23:00:30,23:01:00,23:03:00,23:04:00,23:04:30,23:05:00,23:07:00,23:08:00,23:08:30,23:09:00,23:09:30,23:10:00,23:11:00,23:12:00,23:13:00,23:14:00,23:15:00,23:16:00,23:17:38,23:19:17,23:20:16,23:22:14,23:24:02,23:25:10,23:26:40,23:27:44,23:28:53,23:30:19,23:31:19,23:32:16,23:33:43,23:35:11,23:36:11,23:37:27,23:38:44,23:41:29,23:43:18,23:44:57,23:46:50
23:00:00,23:01:00,23:02:00,23:03:00,23:04:00,23:06:00,23:06:30,23:08:00,23:09:00,23:09:30,23:10:00,23:11:00,23:12:00,23:13:00,23:14:00,23:15:00,23:15:30,23:16:00,23:18:00,23:19:00,23:19:30,23:20:00,23:22:00,23:23:00,23:23:30,23:24:00,23:24:30,23:25:00,23:26:00,23:27:00,23:28:00,23:29:00,23:30:00,23:31:00,23:32:38,23:34:17,23:35:16,23:37:14,23:39:02,23:40:10,23:41:40,23:42:44,23:43:53,23:45:19,23:46:19,23:47:16,23:48:43,23:50:11,23:51:11,23:52:27,23:53:44,23:56:29,23:58:18,23:59:57,00:01:50
23:15:00,23:16:00,23:17:00,23:18:00,23:19:00,23:21:00,23:21:30,23:23:00,23:24:00,23:24:30,23:25:00,23:26:00,23:27:00,23:28:00,23:29:00,23:30:00,23:30:30,23:31:00,23:33:00,23:34:00,23:34:30,23:35:00,23:37:00,23:38:00,23:38:30,23:39:00,23:39:30,23:40:00,23:41:00,23:42:00,23:43:00,23:44:00,23:45:00,23:46:00,23:47:38,23:49:17,23:50:16,23:52:14,23:54:02,23:55:10,23:56:40,23:57:44,23:58:53,00:00:19,00:01:19,00:02:16,00:03:43,00:05:11,00:06:11,00:07:27,00:08:44,00:11:29,00:13:18,00:14:57,00:16:50
23:30:00,23:31:00,23:32:00,23:33:00,23:34:00,23:36:00,23:36:30,23:38:00,23:39:00,23:39:30,23:40:00,23:41:00,23:42:00,23:43:00,23:44:00,23:45:00,23:45:30,23:46:00,23:48:00,23:49:00,23:49:30,23:50:00,23:52:00,23:53:00,23:53:30,23:54:00,23:54:30,23:55:00,23:56:00,23:57:00,23:58:00,23:59:00,00:00:00,00:01:00,00:02:38,00:04:17,00:05:16,00:07:14,00:09:02,00:10:10,00:11:40,00:12:44,00:13:53,00:15:19,00:16:19,00:17:16,00:18:43,00:20:11,00:21:11,00:22:27,00:23:44,00:26:29,00:28:18,00:29:57,00:31:50
23:45:00,23:46:00,23:47:00,23:48:00,23:49:00,23:51:00,23:51:30,23:53:00,23:54:00,23:54:30,23:55:00,23:56:00,23:57:00,23:58:00,23:59:00,00:00:00,00:00:30,00:01:00,00:03:00,00:04:00,00:04:30,00:05:00,00:07:00,00:08:00,00:08:30,00:09:00,00:09:30,00:10:00,00:11:00,00:12:00,00:13:00,00:14:00,00:15:00,00:16:00,00:17:38,00:19:17,00:20:16,00:22:14,00:24:02,00:25:10,00:26:40,00:27:44,00:28:53,00:30:19,00:31:19,00:32:16,00:33:43,00:35:11,00:36:11,00:37:27,00:38:44,00:41:29,00:43:18,00:44:57,00:46:50
0:00:00,00:01:00,00:02:00,00:03:00,00:04:00,00:06:00,00:06:30,00:08:00,00:09:00,00:09:30,00:10:00,00:11:00,00:12:00,00:13:00,00:14:00,00:15:00,00:15:30,00:16:00,00:18:00,00:19:00,00:19:30,00:20:00,00:22:00,00:23:00,00:23:30,00:24:00,00:24:30,00:25:00,00:26:00,00:27:00,00:28:00,00:29:00,00:30:00,00:31:00,00:32:38,00:34:17,00:35:16,00:37:14,00:39:02,00:40:10,00:41:40,00:42:44,00:43:53,00:45:19,00:46:19,00:47:16,00:48:43,00:50:11,00:51:11,00:52:27,00:53:44,00:56:29,00:58:18,00:59:57,01:01:50
0:20:00,00:21:00,00:22:00,00:23:00,00:24:00,00:26:00,00:26:30,00:28:00,00:29:00,00:29:30,00:30:00,00:31:00,00:32:00,00:33:00,00:34:00,00:35:00,00:35:30,00:36:00,00:38:00,00:39:00,00:39:30,00:40:00,00:42:00,00:43:00,00:43:30,00:44:00,00:44:30,00:45:00,00:46:00,00:47:00,00:48:00,00:49:00,00:50:00,00:51:00,00:52:38,00:54:17,00:55:16,00:57:14,00:59:02,01:00:10,01:01:40,01:02:44,01:03:53,01:05:19,01:06:19,01:07:16,01:08:43,01:10:11,01:11:11,01:12:27,01:13:44,01:16:29,01:18:18,01:19:57,01:21:50
0:40:00,00:41:00,00:42:00,00:43:00,00:44:00,00:46:00,00:46:30,00:48:00,00:49:00,00:49:30,00:50:00,00:51:00,00:52:00,00:53:00,00:54:00,00:55:00,00:55:30,00:56:00,00:58:00,00:59:00,00:59:30,01:00:00,01:02:00,01:03:00,01:03:30,01:04:00,01:04:30,01:05:00,01:06:00,01:07:00,01:08:00,01:09:00,01:10:00,01:11:00,01:12:38,01:14:17,01:15:16,01:17:14,01:19:02,01:20:10,01:21:40,01:22:44,01:23:53,01:25:19,01:26:19,01:27:16,01:28:43,01:30:11,01:31:11,01:32:27,01:33:44,01:36:29,01:38:18,01:39:57,01:41:50
1:00:00,01:01:00,01:02:00,01:03:00,01:04:00,01:06:00,01:06:30,01:08:00,01:09:00,01:09:30,01:10:00,01:11:00,01:12:00,01:13:00,01:14:00,01:15:00,01:15:30,01:16:00,01:18:00,01:19:00,01:19:30,01:20:00,01:22:00,01:23:00,01:23:30,01:24:00,01:24:30,01:25:00,01:26:00,01:27:00,01:28:00,01:29:00,01:30:00,01:31:00,01:32:38,01:34:17,01:35:16,01:37:14,01:39:02,01:40:10,01:41:40,01:42:44,01:43:53,01:45:19,01:46:19,01:47:16,01:48:43,01:50:11,01:51:11,01:52:27,01:53:44,01:56:29,01:58:18,01:59:57,02:01:50
