Gare St Jean,MECA,Quai de Paludate,Quai de Brienne,Arena,Mascaret,Mairie de Floirac,Laffargue,Eymet - Etang,Eymet - Richelieu,Deschamps - Belvédère,Jean Dauguet,Le Rouzic,Thiers-Benauge,Niel,Galin,Brazza,Quai de Brazza,La Cité du Vin,Faure - Balguerie,Faure - Brunet,Latule,Jean Hameau,Latécoère,Place Ravezies,Berthelot,Calixte Camelle,Ampère,Grand Parc,Mandron,Tivoli,Br du Médoc,Carnot,Br St Médard,Pasteur,Cité Administrative,Br Judaïque,Br d'Arès,Br St Augustin,Br d'Ornano,Stade Chaban Delmas,Xaintrailles,Lespiault,Br de Pessac,Bvd Georges V,Br St Genès,Carros,Pont de Cauderès,Bvd Roosevelt,Br de Toulouse,Brun,Nansouty,Caserne Nansouty,Rue de Bègles,Donnet,Pont du Guit,Gare St Jean
5:00:00,05:01:52,05:03:31,05:05:21,05:08:05,05:09:22,05:10:38,05:11:38,05:13:06,05:14:33,05:15:30,05:16:31,05:17:56,05:19:05,05:20:09,05:21:39,05:22:48,05:24:35,05:26:33,05:27:32,05:29:12,05:30:50,05:31:50,05:32:50,05:33:50,05:34:20,05:34:50,05:35:50,05:36:50,05:37:50,05:38:50,05:39:50,05:40:20,05:41:20,05:42:20,05:44:20,05:45:20,05:46:20,05:47:20,05:48:20,06:18:20,06:19:20,06:19:50,06:20:50,06:21:50,06:22:50,06:23:50,06:24:20,06:24:50,06:25:50,06:26:50,06:27:50,06:28:20,06:28:50,06:29:50,06:30:50,06:31:50
5:20:00,05:21:52,05:23:31,05:25:21,05:28:05,05:29:22,05:30:38,05:31:38,05:33:06,05:34:33,05:35:30,05:36:31,05:37:56,05:39:05,05:40:09,05:41:39,05:42:48,05:44:35,05:46:33,05:47:32,05:49:12,05:50:50,05:51:50,05:52:50,05:53:50,05:54:20,05:54:50,05:55:50,05:56:50,05:57:50,05:58:50,05:59:50,06:00:20,06:01:20,06:02:20,06:04:20,06:05:20,06:06:20,06:07:20,06:08:20,06:38:20,06:39:20,06:39:50,06:40:50,06:41:50,06:42:50,06:43:50,06:44:20,06:44:50,06:45:50,06:46:50,06:47:50,06:48:20,06:48:50,06:49:50,06:50:50,06:51:50
5:40:00,05:41:52,05:43:31,05:45:21,05:48:05,05:49:22,05:50:38,05:51:38,05:53:06,05:54:33,05:55:30,05:56:31,05:57:56,05:59:05,06:00:09,06:01:39,06:02:48,06:04:35,06:06:33,06:07:32,06:09:12,06:10:50,06:11:50,06:12:50,06:13:50,06:14:20,06:14:50,06:15:50,06:16:50,06:17:50,06:18:50,06:19:50,06:20:20,06:21:20,06:22:20,06:24:20,06:25:20,06:26:20,06:27:20,06:28:20,06:58:20,06:59:20,06:59:50,07:00:50,07:01:50,07:02:50,07:03:50,07:04:20,07:04:50,07:05:50,07:06:50,07:07:50,07:08:20,07:08:50,07:09:50,07:10:50,07:11:50
6:00:00,06:01:52,06:03:31,06:05:21,06:08:05,06:09:22,06:10:38,06:11:38,06:13:06,06:14:33,06:15:30,06:16:31,06:17:56,06:19:05,06:20:09,06:21:39,06:22:48,06:24:35,06:26:33,06:27:32,06:29:12,06:30:50,06:31:50,06:32:50,06:33:50,06:34:20,06:34:50,06:35:50,06:36:50,06:37:50,06:38:50,06:39:50,06:40:20,06:41:20,06:42:20,06:44:20,06:45:20,06:46:20,06:47:20,06:48:20,07:18:20,07:19:20,07:19:50,07:20:50,07:21:50,07:22:50,07:23:50,07:24:20,07:24:50,07:25:50,07:26:50,07:27:50,07:28:20,07:28:50,07:29:50,07:30:50,07:31:50
6:15:00,06:16:52,06:18:31,06:20:21,06:23:05,06:24:22,06:25:38,06:26:38,06:28:06,06:29:33,06:30:30,06:31:31,06:32:56,06:34:05,06:35:09,06:36:39,06:37:48,06:39:35,06:41:33,06:42:32,06:44:12,06:45:50,06:46:50,06:47:50,06:48:50,06:49:20,06:49:50,06:50:50,06:51:50,06:52:50,06:53:50,06:54:50,06:55:20,06:56:20,06:57:20,06:59:20,07:00:20,07:01:20,07:02:20,07:03:20,07:33:20,07:34:20,07:34:50,07:35:50,07:36:50,07:37:50,07:38:50,07:39:20,07:39:50,07:40:50,07:41:50,07:42:50,07:43:20,07:43:50,07:44:50,07:45:50,07:46:50
6:20:00,06:21:52,06:23:31,06:25:21,06:28:05,06:29:22,06:30:38,06:31:38,06:33:06,06:34:33,06:35:30,06:36:31,06:37:56,06:39:05,06:40:09,06:41:39,06:42:48,06:44:35,06:46:33,06:47:32,06:49:12,06:50:50,06:51:50,06:52:50,06:53:50,06:54:20,06:54:50,06:55:50,06:56:50,06:57:50,06:58:50,06:59:50,07:00:20,07:01:20,07:02:20,07:04:20,07:05:20,07:06:20,07:07:20,07:08:20,07:38:20,07:39:20,07:39:50,07:40:50,07:41:50,07:42:50,07:43:50,07:44:20,07:44:50,07:45:50,07:46:50,07:47:50,07:48:20,07:48:50,07:49:50,07:50:50,07:51:50
6:25:00,06:26:52,06:28:31,06:30:21,06:33:05,06:34:22,06:35:38,06:36:38,06:38:06,06:39:33,06:40:30,06:41:31,06:42:56,06:44:05,06:45:09,06:46:39,06:47:48,06:49:35,06:51:33,06:52:32,06:54:12,06:55:50,06:56:50,06:57:50,06:58:50,06:59:20,06:59:50,07:00:50,07:01:50,07:02:50,07:03:50,07:04:50,07:05:20,07:06:20,07:07:20,07:09:20,07:10:20,07:11:20,07:12:20,07:13:20,07:43:20,07:44:20,07:44:50,07:45:50,07:46:50,07:47:50,07:48:50,07:49:20,07:49:50,07:50:50,07:51:50,07:52:50,07:53:20,07:53:50,07:54:50,07:55:50,07:56:50
6:30:00,06:31:52,06:33:31,06:35:21,06:38:05,06:39:22,06:40:38,06:41:38,06:43:06,06:44:33,06:45:30,06:46:31,06:47:56,06:49:05,06:50:09,06:51:39,06:52:48,06:54:35,06:56:33,06:57:32,06:59:12,07:00:50,07:01:50,07:02:50,07:03:50,07:04:20,07:04:50,07:05:50,07:06:50,07:07:50,07:08:50,07:09:50,07:10:20,07:11:20,07:12:20,07:14:20,07:15:20,07:16:20,07:17:20,07:18:20,07:48:20,07:49:20,07:49:50,07:50:50,07:51:50,07:52:50,07:53:50,07:54:20,07:54:50,07:55:50,07:56:50,07:57:50,07:58:20,07:58:50,07:59:50,08:00:50,08:01:50
6:35:00,06:36:52,06:38:31,06:40:21,06:43:05,06:44:22,06:45:38,06:46:38,06:48:06,06:49:33,06:50:30,06:51:31,06:52:56,06:54:05,06:55:09,06:56:39,06:57:48,06:59:35,07:01:33,07:02:32,07:04:12,07:05:50,07:06:50,07:07:50,07:08:50,07:09:20,07:09:50,07:10:50,07:11:50,07:12:50,07:13:50,07:14:50,07:15:20,07:16:20,07:17:20,07:19:20,07:20:20,07:21:20,07:22:20,07:23:20,07:53:20,07:54:20,07:54:50,07:55:50,07:56:50,07:57:50,07:58:50,07:59:20,07:59:50,08:00:50,08:01:50,08:02:50,08:03:20,08:03:50,08:04:50,08:05:50,08:06:50
6:40:00,06:41:52,06:43:31,06:45:21,06:48:05,06:49:22,06:50:38,06:51:38,06:53:06,06:54:33,06:55:30,06:56:31,06:57:56,06:59:05,07:00:09,07:01:39,07:02:48,07:04:35,07:06:33,07:07:32,07:09:12,07:10:50,07:11:50,07:12:50,07:13:50,07:14:20,07:14:50,07:15:50,07:16:50,07:17:50,07:18:50,07:19:50,07:20:20,07:21:20,07:22:20,07:24:20,07:25:20,07:26:20,07:27:20,07:28:20,07:58:20,07:59:20,07:59:50,08:00:50,08:01:50,08:02:50,08:03:50,08:04:20,08:04:50,08:05:50,08:06:50,08:07:50,08:08:20,08:08:50,08:09:50,08:10:50,08:11:50
6:45:00,06:46:52,06:48:31,06:50:21,06:53:05,06:54:22,06:55:38,06:56:38,06:58:06,06:59:33,07:00:30,07:01:31,07:02:56,07:04:05,07:05:09,07:06:39,07:07:48,07:09:35,07:11:33,07:12:32,07:14:12,07:15:50,07:16:50,07:17:50,07:18:50,07:19:20,07:19:50,07:20:50,07:21:50,07:22:50,07:23:50,07:24:50,07:25:20,07:26:20,07:27:20,07:29:20,07:30:20,07:31:20,07:32:20,07:33:20,08:03:20,08:04:20,08:04:50,08:05:50,08:06:50,08:07:50,08:08:50,08:09:20,08:09:50,08:10:50,08:11:50,08:12:50,08:13:20,08:13:50,08:14:50,08:15:50,08:16:50
6:50:00,06:51:52,06:53:31,06:55:21,06:58:05,06:59:22,07:00:38,07:01:38,07:03:06,07:04:33,07:05:30,07:06:31,07:07:56,07:09:05,07:10:09,07:11:39,07:12:48,07:14:35,07:16:33,07:17:32,07:19:12,07:20:50,07:21:50,07:22:50,07:23:50,07:24:20,07:24:50,07:25:50,07:26:50,07:27:50,07:28:50,07:29:50,07:30:20,07:31:20,07:32:20,07:34:20,07:35:20,07:36:20,07:37:20,07:38:20,08:08:20,08:09:20,08:09:50,08:10:50,08:11:50,08:12:50,08:13:50,08:14:20,08:14:50,08:15:50,08:16:50,08:17:50,08:18:20,08:18:50,08:19:50,08:20:50,08:21:50
6:55:00,06:56:52,06:58:31,07:00:21,07:03:05,07:04:22,07:05:38,07:06:38,07:08:06,07:09:33,07:10:30,07:11:31,07:12:56,07:14:05,07:15:09,07:16:39,07:17:48,07:19:35,07:21:33,07:22:32,07:24:12,07:25:50,07:26:50,07:27:50,07:28:50,07:29:20,07:29:50,07:30:50,07:31:50,07:32:50,07:33:50,07:34:50,07:35:20,07:36:20,07:37:20,07:39:20,07:40:20,07:41:20,07:42:20,07:43:20,08:13:20,08:14:20,08:14:50,08:15:50,08:16:50,08:17:50,08:18:50,08:19:20,08:19:50,08:20:50,08:21:50,08:22:50,08:23:20,08:23:50,08:24:50,08:25:50,08:26:50
7:00:00,07:01:52,07:03:31,07:05:21,07:08:05,07:09:22,07:10:38,07:11:38,07:13:06,07:14:33,07:15:30,07:16:31,07:17:56,07:19:05,07:20:09,07:21:39,07:22:48,07:24:35,07:26:33,07:27:32,07:29:12,07:30:50,07:31:50,07:32:50,07:33:50,07:34:20,07:34:50,07:35:50,07:36:50,07:37:50,07:38:50,07:39:50,07:40:20,07:41:20,07:42:20,07:44:20,07:45:20,07:46:20,07:47:20,07:48:20,08:18:20,08:19:20,08:19:50,08:20:50,08:21:50,08:22:50,08:23:50,08:24:20,08:24:50,08:25:50,08:26:50,08:27:50,08:28:20,08:28:50,08:29:50,08:30:50,08:31:50
7:05:00,07:06:52,07:08:31,07:10:21,07:13:05,07:14:22,07:15:38,07:16:38,07:18:06,07:19:33,07:20:30,07:21:31,07:22:56,07:24:05,07:25:09,07:26:39,07:27:48,07:29:35,07:31:33,07:32:32,07:34:12,07:35:50,07:36:50,07:37:50,07:38:50,07:39:20,07:39:50,07:40:50,07:41:50,07:42:50,07:43:50,07:44:50,07:45:20,07:46:20,07:47:20,07:49:20,07:50:20,07:51:20,07:52:20,07:53:20,08:23:20,08:24:20,08:24:50,08:25:50,08:26:50,08:27:50,08:28:50,08:29:20,08:29:50,08:30:50,08:31:50,08:32:50,08:33:20,08:33:50,08:34:50,08:35:50,08:36:50
7:10:00,07:11:52,07:13:31,07:15:21,07:18:05,07:19:22,07:20:38,07:21:38,07:23:06,07:24:33,07:25:30,07:26:31,07:27:56,07:29:05,07:30:09,07:31:39,07:32:48,07:34:35,07:36:33,07:37:32,07:39:12,07:40:50,07:41:50,07:42:50,07:43:50,07:44:20,07:44:50,07:45:50,07:46:50,07:47:50,07:48:50,07:49:50,07:50:20,07:51:20,07:52:20,07:54:20,07:55:20,07:56:20,07:57:20,07:58:20,08:28:20,08:29:20,08:29:50,08:30:50,08:31:50,08:32:50,08:33:50,08:34:20,08:34:50,08:35:50,08:36:50,08:37:50,08:38:20,08:38:50,08:39:50,08:40:50,08:41:50
7:15:00,07:16:52,07:18:31,07:20:21,07:23:05,07:24:22,07:25:38,07:26:38,07:28:06,07:29:33,07:30:30,07:31:31,07:32:56,07:34:05,07:35:09,07:36:39,07:37:48,07:39:35,07:41:33,07:42:32,07:44:12,07:45:50,07:46:50,07:47:50,07:48:50,07:49:20,07:49:50,07:50:50,07:51:50,07:52:50,07:53:50,07:54:50,07:55:20,07:56:20,07:57:20,07:59:20,08:00:20,08:01:20,08:02:20,08:03:20,08:33:20,08:34:20,08:34:50,08:35:50,08:36:50,08:37:50,08:38:50,08:39:20,08:39:50,08:40:50,08:41:50,08:42:50,08:43:20,08:43:50,08:44:50,08:45:50,08:46:50
7:20:00,07:21:52,07:23:31,07:25:21,07:28:05,07:29:22,07:30:38,07:31:38,07:33:06,07:34:33,07:35:30,07:36:31,07:37:56,07:39:05,07:40:09,07:41:39,07:42:48,07:44:35,07:46:33,07:47:32,07:49:12,07:50:50,07:51:50,07:52:50,07:53:50,07:54:20,07:54:50,07:55:50,07:56:50,07:57:50,07:58:50,07:59:50,08:00:20,08:01:20,08:02:20,08:04:20,08:05:20,08:06:20,08:07:20,08:08:20,08:38:20,08:39:20,08:39:50,08:40:50,08:41:50,08:42:50,08:43:50,08:44:20,08:44:50,08:45:50,08:46:50,08:47:50,08:48:20,08:48:50,08:49:50,08:50:50,08:51:50
7:25:00,07:26:52,07:28:31,07:30:21,07:33:05,07:34:22,07:35:38,07:36:38,07:38:06,07:39:33,07:40:30,07:41:31,07:42:56,07:44:05,07:45:09,07:46:39,07:47:48,07:49:35,07:51:33,07:52:32,07:54:12,07:55:50,07:56:50,07:57:50,07:58:50,07:59:20,07:59:50,08:00:50,08:01:50,08:02:50,08:03:50,08:04:50,08:05:20,08:06:20,08:07:20,08:09:20,08:10:20,08:11:20,08:12:20,08:13:20,08:43:20,08:44:20,08:44:50,08:45:50,08:46:50,08:47:50,08:48:50,08:49:20,08:49:50,08:50:50,08:51:50,08:52:50,08:53:20,08:53:50,08:54:50,08:55:50,08:56:50
7:30:00,07:31:52,07:33:31,07:35:21,07:38:05,07:39:22,07:40:38,07:41:38,07:43:06,07:44:33,07:45:30,07:46:31,07:47:56,07:49:05,07:50:09,07:51:39,07:52:48,07:54:35,07:56:33,07:57:32,07:59:12,08:00:50,08:01:50,08:02:50,08:03:50,08:04:20,08:04:50,08:05:50,08:06:50,08:07:50,08:08:50,08:09:50,08:10:20,08:11:20,08:12:20,08:14:20,08:15:20,08:16:20,08:17:20,08:18:20,08:48:20,08:49:20,08:49:50,08:50:50,08:51:50,08:52:50,08:53:50,08:54:20,08:54:50,08:55:50,08:56:50,08:57:50,08:58:20,08:58:50,08:59:50,09:00:50,09:01:50
7:35:00,07:36:52,07:38:31,07:40:21,07:43:05,07:44:22,07:45:38,07:46:38,07:48:06,07:49:33,07:50:30,07:51:31,07:52:56,07:54:05,07:55:09,07:56:39,07:57:48,07:59:35,08:01:33,08:02:32,08:04:12,08:05:50,08:06:50,08:07:50,08:08:50,08:09:20,08:09:50,08:10:50,08:11:50,08:12:50,08:13:50,08:14:50,08:15:20,08:16:20,08:17:20,08:19:20,08:20:20,08:21:20,08:22:20,08:23:20,08:53:20,08:54:20,08:54:50,08:55:50,08:56:50,08:57:50,08:58:50,08:59:20,08:59:50,09:00:50,09:01:50,09:02:50,09:03:20,09:03:50,09:04:50,09:05:50,09:06:50
7:40:00,07:41:52,07:43:31,07:45:21,07:48:05,07:49:22,07:50:38,07:51:38,07:53:06,07:54:33,07:55:30,07:56:31,07:57:56,07:59:05,08:00:09,08:01:39,08:02:48,08:04:35,08:06:33,08:07:32,08:09:12,08:10:50,08:11:50,08:12:50,08:13:50,08:14:20,08:14:50,08:15:50,08:16:50,08:17:50,08:18:50,08:19:50,08:20:20,08:21:20,08:22:20,08:24:20,08:25:20,08:26:20,08:27:20,08:28:20,08:58:20,08:59:20,08:59:50,09:00:50,09:01:50,09:02:50,09:03:50,09:04:20,09:04:50,09:05:50,09:06:50,09:07:50,09:08:20,09:08:50,09:09:50,09:10:50,09:11:50
7:45:00,07:46:52,07:48:31,07:50:21,07:53:05,07:54:22,07:55:38,07:56:38,07:58:06,07:59:33,08:00:30,08:01:31,08:02:56,08:04:05,08:05:09,08:06:39,08:07:48,08:09:35,08:11:33,08:12:32,08:14:12,08:15:50,08:16:50,08:17:50,08:18:50,08:19:20,08:19:50,08:20:50,08:21:50,08:22:50,08:23:50,08:24:50,08:25:20,08:26:20,08:27:20,08:29:20,08:30:20,08:31:20,08:32:20,08:33:20,09:03:20,09:04:20,09:04:50,09:05:50,09:06:50,09:07:50,09:08:50,09:09:20,09:09:50,09:10:50,09:11:50,09:12:50,09:13:20,09:13:50,09:14:50,09:15:50,09:16:50
7:50:00,07:51:52,07:53:31,07:55:21,07:58:05,07:59:22,08:00:38,08:01:38,08:03:06,08:04:33,08:05:30,08:06:31,08:07:56,08:09:05,08:10:09,08:11:39,08:12:48,08:14:35,08:16:33,08:17:32,08:19:12,08:20:50,08:21:50,08:22:50,08:23:50,08:24:20,08:24:50,08:25:50,08:26:50,08:27:50,08:28:50,08:29:50,08:30:20,08:31:20,08:32:20,08:34:20,08:35:20,08:36:20,08:37:20,08:38:20,09:08:20,09:09:20,09:09:50,09:10:50,09:11:50,09:12:50,09:13:50,09:14:20,09:14:50,09:15:50,09:16:50,09:17:50,09:18:20,09:18:50,09:19:50,09:20:50,09:21:50
7:55:00,07:56:52,07:58:31,08:00:21,08:03:05,08:04:22,08:05:38,08:06:38,08:08:06,08:09:33,08:10:30,08:11:31,08:12:56,08:14:05,08:15:09,08:16:39,08:17:48,08:19:35,08:21:33,08:22:32,08:24:12,08:25:50,08:26:50,08:27:50,08:28:50,08:29:20,08:29:50,08:30:50,08:31:50,08:32:50,08:33:50,08:34:50,08:35:20,08:36:20,08:37:20,08:39:20,08:40:20,08:41:20,08:42:20,08:43:20,09:13:20,09:14:20,09:14:50,09:15:50,09:16:50,09:17:50,09:18:50,09:19:20,09:19:50,09:20:50,09:21:50,09:22:50,09:23:20,09:23:50,09:24:50,09:25:50,09:26:50
8:00:00,08:01:52,08:03:31,08:05:21,08:08:05,08:09:22,08:10:38,08:11:38,08:13:06,08:14:33,08:15:30,08:16:31,08:17:56,08:19:05,08:20:09,08:21:39,08:22:48,08:24:35,08:26:33,08:27:32,08:29:12,08:30:50,08:31:50,08:32:50,08:33:50,08:34:20,08:34:50,08:35:50,08:36:50,08:37:50,08:38:50,08:39:50,08:40:20,08:41:20,08:42:20,08:44:20,08:45:20,08:46:20,08:47:20,08:48:20,09:18:20,09:19:20,09:19:50,09:20:50,09:21:50,09:22:50,09:23:50,09:24:20,09:24:50,09:25:50,09:26:50,09:27:50,09:28:20,09:28:50,09:29:50,09:30:50,09:31:50
8:05:00,08:06:52,08:08:31,08:10:21,08:13:05,08:14:22,08:15:38,08:16:38,08:18:06,08:19:33,08:20:30,08:21:31,08:22:56,08:24:05,08:25:09,08:26:39,08:27:48,08:29:35,08:31:33,08:32:32,08:34:12,08:35:50,08:36:50,08:37:50,08:38:50,08:39:20,08:39:50,08:40:50,08:41:50,08:42:50,08:43:50,08:44:50,08:45:20,08:46:20,08:47:20,08:49:20,08:50:20,08:51:20,08:52:20,08:53:20,09:23:20,09:24:20,09:24:50,09:25:50,09:26:50,09:27:50,09:28:50,09:29:20,09:29:50,09:30:50,09:31:50,09:32:50,09:33:20,09:33:50,09:34:50,09:35:50,09:36:50
8:10:00,08:11:52,08:13:31,08:15:21,08:18:05,08:19:22,08:20:38,08:21:38,08:23:06,08:24:33,08:25:30,08:26:31,08:27:56,08:29:05,08:30:09,08:31:39,08:32:48,08:34:35,08:36:33,08:37:32,08:39:12,08:40:50,08:41:50,08:42:50,08:43:50,08:44:20,08:44:50,08:45:50,08:46:50,08:47:50,08:48:50,08:49:50,08:50:20,08:51:20,08:52:20,08:54:20,08:55:20,08:56:20,08:57:20,08:58:20,09:28:20,09:29:20,09:29:50,09:30:50,09:31:50,09:32:50,09:33:50,09:34:20,09:34:50,09:35:50,09:36:50,09:37:50,09:38:20,09:38:50,09:39:50,09:40:50,09:41:50
8:15:00,08:16:52,08:18:31,08:20:21,08:23:05,08:24:22,08:25:38,08:26:38,08:28:06,08:29:33,08:30:30,08:31:31,08:32:56,08:34:05,08:35:09,08:36:39,08:37:48,08:39:35,08:41:33,08:42:32,08:44:12,08:45:50,08:46:50,08:47:50,08:48:50,08:49:20,08:49:50,08:50:50,08:51:50,08:52:50,08:53:50,08:54:50,08:55:20,08:56:20,08:57:20,08:59:20,09:00:20,09:01:20,09:02:20,09:03:20,09:33:20,09:34:20,09:34:50,09:35:50,09:36:50,09:37:50,09:38:50,09:39:20,09:39:50,09:40:50,09:41:50,09:42:50,09:43:20,09:43:50,09:44:50,09:45:50,09:46:50
8:20:00,08:21:52,08:23:31,08:25:21,08:28:05,08:29:22,08:30:38,08:31:38,08:33:06,08:34:33,08:35:30,08:36:31,08:37:56,08:39:05,08:40:09,08:41:39,08:42:48,08:44:35,08:46:33,08:47:32,08:49:12,08:50:50,08:51:50,08:52:50,08:53:50,08:54:20,08:54:50,08:55:50,08:56:50,08:57:50,08:58:50,08:59:50,09:00:20,09:01:20,09:02:20,09:04:20,09:05:20,09:06:20,09:07:20,09:08:20,09:38:20,09:39:20,09:39:50,09:40:50,09:41:50,09:42:50,09:43:50,09:44:20,09:44:50,09:45:50,09:46:50,09:47:50,09:48:20,09:48:50,09:49:50,09:50:50,09:51:50
8:25:00,08:26:52,08:28:31,08:30:21,08:33:05,08:34:22,08:35:38,08:36:38,08:38:06,08:39:33,08:40:30,08:41:31,08:42:56,08:44:05,08:45:09,08:46:39,08:47:48,08:49:35,08:51:33,08:52:32,08:54:12,08:55:50,08:56:50,08:57:50,08:58:50,08:59:20,08:59:50,09:00:50,09:01:50,09:02:50,09:03:50,09:04:50,09:05:20,09:06:20,09:07:20,09:09:20,09:10:20,09:11:20,09:12:20,09:13:20,09:43:20,09:44:20,09:44:50,09:45:50,09:46:50,09:47:50,09:48:50,09:49:20,09:49:50,09:50:50,09:51:50,09:52:50,09:53:20,09:53:50,09:54:50,09:55:50,09:56:50
8:30:00,08:31:52,08:33:31,08:35:21,08:38:05,08:39:22,08:40:38,08:41:38,08:43:06,08:44:33,08:45:30,08:46:31,08:47:56,08:49:05,08:50:09,08:51:39,08:52:48,08:54:35,08:56:33,08:57:32,08:59:12,09:00:50,09:01:50,09:02:50,09:03:50,09:04:20,09:04:50,09:05:50,09:06:50,09:07:50,09:08:50,09:09:50,09:10:20,09:11:20,09:12:20,09:14:20,09:15:20,09:16:20,09:17:20,09:18:20,09:48:20,09:49:20,09:49:50,09:50:50,09:51:50,09:52:50,09:53:50,09:54:20,09:54:50,09:55:50,09:56:50,09:57:50,09:58:20,09:58:50,09:59:50,10:00:50,10:01:50
8:38:00,08:39:52,08:41:31,08:43:21,08:46:05,08:47:22,08:48:38,08:49:38,08:51:06,08:52:33,08:53:30,08:54:31,08:55:56,08:57:05,08:58:09,08:59:39,09:00:48,09:02:35,09:04:33,09:05:32,09:07:12,09:08:50,09:09:50,09:10:50,09:11:50,09:12:20,09:12:50,09:13:50,09:14:50,09:15:50,09:16:50,09:17:50,09:18:20,09:19:20,09:20:20,09:22:20,09:23:20,09:24:20,09:25:20,09:26:20,09:56:20,09:57:20,09:57:50,09:58:50,09:59:50,10:00:50,10:01:50,10:02:20,10:02:50,10:03:50,10:04:50,10:05:50,10:06:20,10:06:50,10:07:50,10:08:50,10:09:50
8:46:00,08:47:52,08:49:31,08:51:21,08:54:05,08:55:22,08:56:38,08:57:38,08:59:06,09:00:33,09:01:30,09:02:31,09:03:56,09:05:05,09:06:09,09:07:39,09:08:48,09:10:35,09:12:33,09:13:32,09:15:12,09:16:50,09:17:50,09:18:50,09:19:50,09:20:20,09:20:50,09:21:50,09:22:50,09:23:50,09:24:50,09:25:50,09:26:20,09:27:20,09:28:20,09:30:20,09:31:20,09:32:20,09:33:20,09:34:20,10:04:20,10:05:20,10:05:50,10:06:50,10:07:50,10:08:50,10:09:50,10:10:20,10:10:50,10:11:50,10:12:50,10:13:50,10:14:20,10:14:50,10:15:50,10:16:50,10:17:50
8:54:00,08:55:52,08:57:31,08:59:21,09:02:05,09:03:22,09:04:38,09:05:38,09:07:06,09:08:33,09:09:30,09:10:31,09:11:56,09:13:05,09:14:09,09:15:39,09:16:48,09:18:35,09:20:33,09:21:32,09:23:12,09:24:50,09:25:50,09:26:50,09:27:50,09:28:20,09:28:50,09:29:50,09:30:50,09:31:50,09:32:50,09:33:50,09:34:20,09:35:20,09:36:20,09:38:20,09:39:20,09:40:20,09:41:20,09:42:20,10:12:20,10:13:20,10:13:50,10:14:50,10:15:50,10:16:50,10:17:50,10:18:20,10:18:50,10:19:50,10:20:50,10:21:50,10:22:20,10:22:50,10:23:50,10:24:50,10:25:50
9:02:00,09:03:52,09:05:31,09:07:21,09:10:05,09:11:22,09:12:38,09:13:38,09:15:06,09:16:33,09:17:30,09:18:31,09:19:56,09:21:05,09:22:09,09:23:39,09:24:48,09:26:35,09:28:33,09:29:32,09:31:12,09:32:50,09:33:50,09:34:50,09:35:50,09:36:20,09:36:50,09:37:50,09:38:50,09:39:50,09:40:50,09:41:50,09:42:20,09:43:20,09:44:20,09:46:20,09:47:20,09:48:20,09:49:20,09:50:20,10:20:20,10:21:20,10:21:50,10:22:50,10:23:50,10:24:50,10:25:50,10:26:20,10:26:50,10:27:50,10:28:50,10:29:50,10:30:20,10:30:50,10:31:50,10:32:50,10:33:50
9:10:00,09:11:52,09:13:31,09:15:21,09:18:05,09:19:22,09:20:38,09:21:38,09:23:06,09:24:33,09:25:30,09:26:31,09:27:56,09:29:05,09:30:09,09:31:39,09:32:48,09:34:35,09:36:33,09:37:32,09:39:12,09:40:50,09:41:50,09:42:50,09:43:50,09:44:20,09:44:50,09:45:50,09:46:50,09:47:50,09:48:50,09:49:50,09:50:20,09:51:20,09:52:20,09:54:20,09:55:20,09:56:20,09:57:20,09:58:20,10:28:20,10:29:20,10:29:50,10:30:50,10:31:50,10:32:50,10:33:50,10:34:20,10:34:50,10:35:50,10:36:50,10:37:50,10:38:20,10:38:50,10:39:50,10:40:50,10:41:50
9:18:00,09:19:52,09:21:31,09:23:21,09:26:05,09:27:22,09:28:38,09:29:38,09:31:06,09:32:33,09:33:30,09:34:31,09:35:56,09:37:05,09:38:09,09:39:39,09:40:48,09:42:35,09:44:33,09:45:32,09:47:12,09:48:50,09:49:50,09:50:50,09:51:50,09:52:20,09:52:50,09:53:50,09:54:50,09:55:50,09:56:50,09:57:50,09:58:20,09:59:20,10:00:20,10:02:20,10:03:20,10:04:20,10:05:20,10:06:20,10:36:20,10:37:20,10:37:50,10:38:50,10:39:50,10:40:50,10:41:50,10:42:20,10:42:50,10:43:50,10:44:50,10:45:50,10:46:20,10:46:50,10:47:50,10:48:50,10:49:50
9:26:00,09:27:52,09:29:31,09:31:21,09:34:05,09:35:22,09:36:38,09:37:38,09:39:06,09:40:33,09:41:30,09:42:31,09:43:56,09:45:05,09:46:09,09:47:39,09:48:48,09:50:35,09:52:33,09:53:32,09:55:12,09:56:50,09:57:50,09:58:50,09:59:50,10:00:20,10:00:50,10:01:50,10:02:50,10:03:50,10:04:50,10:05:50,10:06:20,10:07:20,10:08:20,10:10:20,10:11:20,10:12:20,10:13:20,10:14:20,10:44:20,10:45:20,10:45:50,10:46:50,10:47:50,10:48:50,10:49:50,10:50:20,10:50:50,10:51:50,10:52:50,10:53:50,10:54:20,10:54:50,10:55:50,10:56:50,10:57:50
9:34:00,09:35:52,09:37:31,09:39:21,09:42:05,09:43:22,09:44:38,09:45:38,09:47:06,09:48:33,09:49:30,09:50:31,09:51:56,09:53:05,09:54:09,09:55:39,09:56:48,09:58:35,10:00:33,10:01:32,10:03:12,10:04:50,10:05:50,10:06:50,10:07:50,10:08:20,10:08:50,10:09:50,10:10:50,10:11:50,10:12:50,10:13:50,10:14:20,10:15:20,10:16:20,10:18:20,10:19:20,10:20:20,10:21:20,10:22:20,10:52:20,10:53:20,10:53:50,10:54:50,10:55:50,10:56:50,10:57:50,10:58:20,10:58:50,10:59:50,11:00:50,11:01:50,11:02:20,11:02:50,11:03:50,11:04:50,11:05:50
9:42:00,09:43:52,09:45:31,09:47:21,09:50:05,09:51:22,09:52:38,09:53:38,09:55:06,09:56:33,09:57:30,09:58:31,09:59:56,10:01:05,10:02:09,10:03:39,10:04:48,10:06:35,10:08:33,10:09:32,10:11:12,10:12:50,10:13:50,10:14:50,10:15:50,10:16:20,10:16:50,10:17:50,10:18:50,10:19:50,10:20:50,10:21:50,10:22:20,10:23:20,10:24:20,10:26:20,10:27:20,10:28:20,10:29:20,10:30:20,11:00:20,11:01:20,11:01:50,11:02:50,11:03:50,11:04:50,11:05:50,11:06:20,11:06:50,11:07:50,11:08:50,11:09:50,11:10:20,11:10:50,11:11:50,11:12:50,11:13:50
9:50:00,09:51:52,09:53:31,09:55:21,09:58:05,09:59:22,10:00:38,10:01:38,10:03:06,10:04:33,10:05:30,10:06:31,10:07:56,10:09:05,10:10:09,10:11:39,10:12:48,10:14:35,10:16:33,10:17:32,10:19:12,10:20:50,10:21:50,10:22:50,10:23:50,10:24:20,10:24:50,10:25:50,10:26:50,10:27:50,10:28:50,10:29:50,10:30:20,10:31:20,10:32:20,10:34:20,10:35:20,10:36:20,10:37:20,10:38:20,11:08:20,11:09:20,11:09:50,11:10:50,11:11:50,11:12:50,11:13:50,11:14:20,11:14:50,11:15:50,11:16:50,11:17:50,11:18:20,11:18:50,11:19:50,11:20:50,11:21:50
9:58:00,09:59:52,10:01:31,10:03:21,10:06:05,10:07:22,10:08:38,10:09:38,10:11:06,10:12:33,10:13:30,10:14:31,10:15:56,10:17:05,10:18:09,10:19:39,10:20:48,10:22:35,10:24:33,10:25:32,10:27:12,10:28:50,10:29:50,10:30:50,10:31:50,10:32:20,10:32:50,10:33:50,10:34:50,10:35:50,10:36:50,10:37:50,10:38:20,10:39:20,10:40:20,10:42:20,10:43:20,10:44:20,10:45:20,10:46:20,11:16:20,11:17:20,11:17:50,11:18:50,11:19:50,11:20:50,11:21:50,11:22:20,11:22:50,11:23:50,11:24:50,11:25:50,11:26:20,11:26:50,11:27:50,11:28:50,11:29:50
10:06:00,10:07:52,10:09:31,10:11:21,10:14:05,10:15:22,10:16:38,10:17:38,10:19:06,10:20:33,10:21:30,10:22:31,10:23:56,10:25:05,10:26:09,10:27:39,10:28:48,10:30:35,10:32:33,10:33:32,10:35:12,10:36:50,10:37:50,10:38:50,10:39:50,10:40:20,10:40:50,10:41:50,10:42:50,10:43:50,10:44:50,10:45:50,10:46:20,10:47:20,10:48:20,10:50:20,10:51:20,10:52:20,10:53:20,10:54:20,11:24:20,11:25:20,11:25:50,11:26:50,11:27:50,11:28:50,11:29:50,11:30:20,11:30:50,11:31:50,11:32:50,11:33:50,11:34:20,11:34:50,11:35:50,11:36:50,11:37:50
10:14:00,10:15:52,10:17:31,10:19:21,10:22:05,10:23:22,10:24:38,10:25:38,10:27:06,10:28:33,10:29:30,10:30:31,10:31:56,10:33:05,10:34:09,10:35:39,10:36:48,10:38:35,10:40:33,10:41:32,10:43:12,10:44:50,10:45:50,10:46:50,10:47:50,10:48:20,10:48:50,10:49:50,10:50:50,10:51:50,10:52:50,10:53:50,10:54:20,10:55:20,10:56:20,10:58:20,10:59:20,11:00:20,11:01:20,11:02:20,11:32:20,11:33:20,11:33:50,11:34:50,11:35:50,11:36:50,11:37:50,11:38:20,11:38:50,11:39:50,11:40:50,11:41:50,11:42:20,11:42:50,11:43:50,11:44:50,11:45:50
10:22:00,10:23:52,10:25:31,10:27:21,10:30:05,10:31:22,10:32:38,10:33:38,10:35:06,10:36:33,10:37:30,10:38:31,10:39:56,10:41:05,10:42:09,10:43:39,10:44:48,10:46:35,10:48:33,10:49:32,10:51:12,10:52:50,10:53:50,10:54:50,10:55:50,10:56:20,10:56:50,10:57:50,10:58:50,10:59:50,11:00:50,11:01:50,11:02:20,11:03:20,11:04:20,11:06:20,11:07:20,11:08:20,11:09:20,11:10:20,11:40:20,11:41:20,11:41:50,11:42:50,11:43:50,11:44:50,11:45:50,11:46:20,11:46:50,11:47:50,11:48:50,11:49:50,11:50:20,11:50:50,11:51:50,11:52:50,11:53:50
10:30:00,10:31:52,10:33:31,10:35:21,10:38:05,10:39:22,10:40:38,10:41:38,10:43:06,10:44:33,10:45:30,10:46:31,10:47:56,10:49:05,10:50:09,10:51:39,10:52:48,10:54:35,10:56:33,10:57:32,10:59:12,11:00:50,11:01:50,11:02:50,11:03:50,11:04:20,11:04:50,11:05:50,11:06:50,11:07:50,11:08:50,11:09:50,11:10:20,11:11:20,11:12:20,11:14:20,11:15:20,11:16:20,11:17:20,11:18:20,11:48:20,11:49:20,11:49:50,11:50:50,11:51:50,11:52:50,11:53:50,11:54:20,11:54:50,11:55:50,11:56:50,11:57:50,11:58:20,11:58:50,11:59:50,12:00:50,12:01:50
10:38:00,10:39:52,10:41:31,10:43:21,10:46:05,10:47:22,10:48:38,10:49:38,10:51:06,10:52:33,10:53:30,10:54:31,10:55:56,10:57:05,10:58:09,10:59:39,11:00:48,11:02:35,11:04:33,11:05:32,11:07:12,11:08:50,11:09:50,11:10:50,11:11:50,11:12:20,11:12:50,11:13:50,11:14:50,11:15:50,11:16:50,11:17:50,11:18:20,11:19:20,11:20:20,11:22:20,11:23:20,11:24:20,11:25:20,11:26:20,11:56:20,11:57:20,11:57:50,11:58:50,11:59:50,12:00:50,12:01:50,12:02:20,12:02:50,12:03:50,12:04:50,12:05:50,12:06:20,12:06:50,12:07:50,12:08:50,12:09:50
10:46:00,10:47:52,10:49:31,10:51:21,10:54:05,10:55:22,10:56:38,10:57:38,10:59:06,11:00:33,11:01:30,11:02:31,11:03:56,11:05:05,11:06:09,11:07:39,11:08:48,11:10:35,11:12:33,11:13:32,11:15:12,11:16:50,11:17:50,11:18:50,11:19:50,11:20:20,11:20:50,11:21:50,11:22:50,11:23:50,11:24:50,11:25:50,11:26:20,11:27:20,11:28:20,11:30:20,11:31:20,11:32:20,11:33:20,11:34:20,12:04:20,12:05:20,12:05:50,12:06:50,12:07:50,12:08:50,12:09:50,12:10:20,12:10:50,12:11:50,12:12:50,12:13:50,12:14:20,12:14:50,12:15:50,12:16:50,12:17:50
10:54:00,10:55:52,10:57:31,10:59:21,11:02:05,11:03:22,11:04:38,11:05:38,11:07:06,11:08:33,11:09:30,11:10:31,11:11:56,11:13:05,11:14:09,11:15:39,11:16:48,11:18:35,11:20:33,11:21:32,11:23:12,11:24:50,11:25:50,11:26:50,11:27:50,11:28:20,11:28:50,11:29:50,11:30:50,11:31:50,11:32:50,11:33:50,11:34:20,11:35:20,11:36:20,11:38:20,11:39:20,11:40:20,11:41:20,11:42:20,12:12:20,12:13:20,12:13:50,12:14:50,12:15:50,12:16:50,12:17:50,12:18:20,12:18:50,12:19:50,12:20:50,12:21:50,12:22:20,12:22:50,12:23:50,12:24:50,12:25:50
11:02:00,11:03:52,11:05:31,11:07:21,11:10:05,11:11:22,11:12:38,11:13:38,11:15:06,11:16:33,11:17:30,11:18:31,11:19:56,11:21:05,11:22:09,11:23:39,11:24:48,11:26:35,11:28:33,11:29:32,11:31:12,11:32:50,11:33:50,11:34:50,11:35:50,11:36:20,11:36:50,11:37:50,11:38:50,11:39:50,11:40:50,11:41:50,11:42:20,11:43:20,11:44:20,11:46:20,11:47:20,11:48:20,11:49:20,11:50:20,12:20:20,12:21:20,12:21:50,12:22:50,12:23:50,12:24:50,12:25:50,12:26:20,12:26:50,12:27:50,12:28:50,12:29:50,12:30:20,12:30:50,12:31:50,12:32:50,12:33:50
11:10:00,11:11:52,11:13:31,11:15:21,11:18:05,11:19:22,11:20:38,11:21:38,11:23:06,11:24:33,11:25:30,11:26:31,11:27:56,11:29:05,11:30:09,11:31:39,11:32:48,11:34:35,11:36:33,11:37:32,11:39:12,11:40:50,11:41:50,11:42:50,11:43:50,11:44:20,11:44:50,11:45:50,11:46:50,11:47:50,11:48:50,11:49:50,11:50:20,11:51:20,11:52:20,11:54:20,11:55:20,11:56:20,11:57:20,11:58:20,12:28:20,12:29:20,12:29:50,12:30:50,12:31:50,12:32:50,12:33:50,12:34:20,12:34:50,12:35:50,12:36:50,12:37:50,12:38:20,12:38:50,12:39:50,12:40:50,12:41:50
11:18:00,11:19:52,11:21:31,11:23:21,11:26:05,11:27:22,11:28:38,11:29:38,11:31:06,11:32:33,11:33:30,11:34:31,11:35:56,11:37:05,11:38:09,11:39:39,11:40:48,11:42:35,11:44:33,11:45:32,11:47:12,11:48:50,11:49:50,11:50:50,11:51:50,11:52:20,11:52:50,11:53:50,11:54:50,11:55:50,11:56:50,11:57:50,11:58:20,11:59:20,12:00:20,12:02:20,12:03:20,12:04:20,12:05:20,12:06:20,12:36:20,12:37:20,12:37:50,12:38:50,12:39:50,12:40:50,12:41:50,12:42:20,12:42:50,12:43:50,12:44:50,12:45:50,12:46:20,12:46:50,12:47:50,12:48:50,12:49:50
11:26:00,11:27:52,11:29:31,11:31:21,11:34:05,11:35:22,11:36:38,11:37:38,11:39:06,11:40:33,11:41:30,11:42:31,11:43:56,11:45:05,11:46:09,11:47:39,11:48:48,11:50:35,11:52:33,11:53:32,11:55:12,11:56:50,11:57:50,11:58:50,11:59:50,12:00:20,12:00:50,12:01:50,12:02:50,12:03:50,12:04:50,12:05:50,12:06:20,12:07:20,12:08:20,12:10:20,12:11:20,12:12:20,12:13:20,12:14:20,12:44:20,12:45:20,12:45:50,12:46:50,12:47:50,12:48:50,12:49:50,12:50:20,12:50:50,12:51:50,12:52:50,12:53:50,12:54:20,12:54:50,12:55:50,12:56:50,12:57:50
11:34:00,11:35:52,11:37:31,11:39:21,11:42:05,11:43:22,11:44:38,11:45:38,11:47:06,11:48:33,11:49:30,11:50:31,11:51:56,11:53:05,11:54:09,11:55:39,11:56:48,11:58:35,12:00:33,12:01:32,12:03:12,12:04:50,12:05:50,12:06:50,12:07:50,12:08:20,12:08:50,12:09:50,12:10:50,12:11:50,12:12:50,12:13:50,12:14:20,12:15:20,12:16:20,12:18:20,12:19:20,12:20:20,12:21:20,12:22:20,12:52:20,12:53:20,12:53:50,12:54:50,12:55:50,12:56:50,12:57:50,12:58:20,12:58:50,12:59:50,13:00:50,13:01:50,13:02:20,13:02:50,13:03:50,13:04:50,13:05:50
11:42:00,11:43:52,11:45:31,11:47:21,11:50:05,11:51:22,11:52:38,11:53:38,11:55:06,11:56:33,11:57:30,11:58:31,11:59:56,12:01:05,12:02:09,12:03:39,12:04:48,12:06:35,12:08:33,12:09:32,12:11:12,12:12:50,12:13:50,12:14:50,12:15:50,12:16:20,12:16:50,12:17:50,12:18:50,12:19:50,12:20:50,12:21:50,12:22:20,12:23:20,12:24:20,12:26:20,12:27:20,12:28:20,12:29:20,12:30:20,13:00:20,13:01:20,13:01:50,13:02:50,13:03:50,13:04:50,13:05:50,13:06:20,13:06:50,13:07:50,13:08:50,13:09:50,13:10:20,13:10:50,13:11:50,13:12:50,13:13:50
11:50:00,11:51:52,11:53:31,11:55:21,11:58:05,11:59:22,12:00:38,12:01:38,12:03:06,12:04:33,12:05:30,12:06:31,12:07:56,12:09:05,12:10:09,12:11:39,12:12:48,12:14:35,12:16:33,12:17:32,12:19:12,12:20:50,12:21:50,12:22:50,12:23:50,12:24:20,12:24:50,12:25:50,12:26:50,12:27:50,12:28:50,12:29:50,12:30:20,12:31:20,12:32:20,12:34:20,12:35:20,12:36:20,12:37:20,12:38:20,13:08:20,13:09:20,13:09:50,13:10:50,13:11:50,13:12:50,13:13:50,13:14:20,13:14:50,13:15:50,13:16:50,13:17:50,13:18:20,13:18:50,13:19:50,13:20:50,13:21:50
11:58:00,11:59:52,12:01:31,12:03:21,12:06:05,12:07:22,12:08:38,12:09:38,12:11:06,12:12:33,12:13:30,12:14:31,12:15:56,12:17:05,12:18:09,12:19:39,12:20:48,12:22:35,12:24:33,12:25:32,12:27:12,12:28:50,12:29:50,12:30:50,12:31:50,12:32:20,12:32:50,12:33:50,12:34:50,12:35:50,12:36:50,12:37:50,12:38:20,12:39:20,12:40:20,12:42:20,12:43:20,12:44:20,12:45:20,12:46:20,13:16:20,13:17:20,13:17:50,13:18:50,13:19:50,13:20:50,13:21:50,13:22:20,13:22:50,13:23:50,13:24:50,13:25:50,13:26:20,13:26:50,13:27:50,13:28:50,13:29:50
12:06:00,12:07:52,12:09:31,12:11:21,12:14:05,12:15:22,12:16:38,12:17:38,12:19:06,12:20:33,12:21:30,12:22:31,12:23:56,12:25:05,12:26:09,12:27:39,12:28:48,12:30:35,12:32:33,12:33:32,12:35:12,12:36:50,12:37:50,12:38:50,12:39:50,12:40:20,12:40:50,12:41:50,12:42:50,12:43:50,12:44:50,12:45:50,12:46:20,12:47:20,12:48:20,12:50:20,12:51:20,12:52:20,12:53:20,12:54:20,13:24:20,13:25:20,13:25:50,13:26:50,13:27:50,13:28:50,13:29:50,13:30:20,13:30:50,13:31:50,13:32:50,13:33:50,13:34:20,13:34:50,13:35:50,13:36:50,13:37:50
12:14:00,12:15:52,12:17:31,12:19:21,12:22:05,12:23:22,12:24:38,12:25:38,12:27:06,12:28:33,12:29:30,12:30:31,12:31:56,12:33:05,12:34:09,12:35:39,12:36:48,12:38:35,12:40:33,12:41:32,12:43:12,12:44:50,12:45:50,12:46:50,12:47:50,12:48:20,12:48:50,12:49:50,12:50:50,12:51:50,12:52:50,12:53:50,12:54:20,12:55:20,12:56:20,12:58:20,12:59:20,13:00:20,13:01:20,13:02:20,13:32:20,13:33:20,13:33:50,13:34:50,13:35:50,13:36:50,13:37:50,13:38:20,13:38:50,13:39:50,13:40:50,13:41:50,13:42:20,13:42:50,13:43:50,13:44:50,13:45:50
12:22:00,12:23:52,12:25:31,12:27:21,12:30:05,12:31:22,12:32:38,12:33:38,12:35:06,12:36:33,12:37:30,12:38:31,12:39:56,12:41:05,12:42:09,12:43:39,12:44:48,12:46:35,12:48:33,12:49:32,12:51:12,12:52:50,12:53:50,12:54:50,12:55:50,12:56:20,12:56:50,12:57:50,12:58:50,12:59:50,13:00:50,13:01:50,13:02:20,13:03:20,13:04:20,13:06:20,13:07:20,13:08:20,13:09:20,13:10:20,13:40:20,13:41:20,13:41:50,13:42:50,13:43:50,13:44:50,13:45:50,13:46:20,13:46:50,13:47:50,13:48:50,13:49:50,13:50:20,13:50:50,13:51:50,13:52:50,13:53:50
12:30:00,12:31:52,12:33:31,12:35:21,12:38:05,12:39:22,12:40:38,12:41:38,12:43:06,12:44:33,12:45:30,12:46:31,12:47:56,12:49:05,12:50:09,12:51:39,12:52:48,12:54:35,12:56:33,12:57:32,12:59:12,13:00:50,13:01:50,13:02:50,13:03:50,13:04:20,13:04:50,13:05:50,13:06:50,13:07:50,13:08:50,13:09:50,13:10:20,13:11:20,13:12:20,13:14:20,13:15:20,13:16:20,13:17:20,13:18:20,13:48:20,13:49:20,13:49:50,13:50:50,13:51:50,13:52:50,13:53:50,13:54:20,13:54:50,13:55:50,13:56:50,13:57:50,13:58:20,13:58:50,13:59:50,14:00:50,14:01:50
12:38:00,12:39:52,12:41:31,12:43:21,12:46:05,12:47:22,12:48:38,12:49:38,12:51:06,12:52:33,12:53:30,12:54:31,12:55:56,12:57:05,12:58:09,12:59:39,13:00:48,13:02:35,13:04:33,13:05:32,13:07:12,13:08:50,13:09:50,13:10:50,13:11:50,13:12:20,13:12:50,13:13:50,13:14:50,13:15:50,13:16:50,13:17:50,13:18:20,13:19:20,13:20:20,13:22:20,13:23:20,13:24:20,13:25:20,13:26:20,13:56:20,13:57:20,13:57:50,13:58:50,13:59:50,14:00:50,14:01:50,14:02:20,14:02:50,14:03:50,14:04:50,14:05:50,14:06:20,14:06:50,14:07:50,14:08:50,14:09:50
12:46:00,12:47:52,12:49:31,12:51:21,12:54:05,12:55:22,12:56:38,12:57:38,12:59:06,13:00:33,13:01:30,13:02:31,13:03:56,13:05:05,13:06:09,13:07:39,13:08:48,13:10:35,13:12:33,13:13:32,13:15:12,13:16:50,13:17:50,13:18:50,13:19:50,13:20:20,13:20:50,13:21:50,13:22:50,13:23:50,13:24:50,13:25:50,13:26:20,13:27:20,13:28:20,13:30:20,13:31:20,13:32:20,13:33:20,13:34:20,14:04:20,14:05:20,14:05:50,14:06:50,14:07:50,14:08:50,14:09:50,14:10:20,14:10:50,14:11:50,14:12:50,14:13:50,14:14:20,14:14:50,14:15:50,14:16:50,14:17:50
12:54:00,12:55:52,12:57:31,12:59:21,13:02:05,13:03:22,13:04:38,13:05:38,13:07:06,13:08:33,13:09:30,13:10:31,13:11:56,13:13:05,13:14:09,13:15:39,13:16:48,13:18:35,13:20:33,13:21:32,13:23:12,13:24:50,13:25:50,13:26:50,13:27:50,13:28:20,13:28:50,13:29:50,13:30:50,13:31:50,13:32:50,13:33:50,13:34:20,13:35:20,13:36:20,13:38:20,13:39:20,13:40:20,13:41:20,13:42:20,14:12:20,14:13:20,14:13:50,14:14:50,14:15:50,14:16:50,14:17:50,14:18:20,14:18:50,14:19:50,14:20:50,14:21:50,14:22:20,14:22:50,14:23:50,14:24:50,14:25:50
13:02:00,13:03:52,13:05:31,13:07:21,13:10:05,13:11:22,13:12:38,13:13:38,13:15:06,13:16:33,13:17:30,13:18:31,13:19:56,13:21:05,13:22:09,13:23:39,13:24:48,13:26:35,13:28:33,13:29:32,13:31:12,13:32:50,13:33:50,13:34:50,13:35:50,13:36:20,13:36:50,13:37:50,13:38:50,13:39:50,13:40:50,13:41:50,13:42:20,13:43:20,13:44:20,13:46:20,13:47:20,13:48:20,13:49:20,13:50:20,14:20:20,14:21:20,14:21:50,14:22:50,14:23:50,14:24:50,14:25:50,14:26:20,14:26:50,14:27:50,14:28:50,14:29:50,14:30:20,14:30:50,14:31:50,14:32:50,14:33:50
13:10:00,13:11:52,13:13:31,13:15:21,13:18:05,13:19:22,13:20:38,13:21:38,13:23:06,13:24:33,13:25:30,13:26:31,13:27:56,13:29:05,13:30:09,13:31:39,13:32:48,13:34:35,13:36:33,13:37:32,13:39:12,13:40:50,13:41:50,13:42:50,13:43:50,13:44:20,13:44:50,13:45:50,13:46:50,13:47:50,13:48:50,13:49:50,13:50:20,13:51:20,13:52:20,13:54:20,13:55:20,13:56:20,13:57:20,13:58:20,14:28:20,14:29:20,14:29:50,14:30:50,14:31:50,14:32:50,14:33:50,14:34:20,14:34:50,14:35:50,14:36:50,14:37:50,14:38:20,14:38:50,14:39:50,14:40:50,14:41:50
13:18:00,13:19:52,13:21:31,13:23:21,13:26:05,13:27:22,13:28:38,13:29:38,13:31:06,13:32:33,13:33:30,13:34:31,13:35:56,13:37:05,13:38:09,13:39:39,13:40:48,13:42:35,13:44:33,13:45:32,13:47:12,13:48:50,13:49:50,13:50:50,13:51:50,13:52:20,13:52:50,13:53:50,13:54:50,13:55:50,13:56:50,13:57:50,13:58:20,13:59:20,14:00:20,14:02:20,14:03:20,14:04:20,14:05:20,14:06:20,14:36:20,14:37:20,14:37:50,14:38:50,14:39:50,14:40:50,14:41:50,14:42:20,14:42:50,14:43:50,14:44:50,14:45:50,14:46:20,14:46:50,14:47:50,14:48:50,14:49:50
13:26:00,13:27:52,13:29:31,13:31:21,13:34:05,13:35:22,13:36:38,13:37:38,13:39:06,13:40:33,13:41:30,13:42:31,13:43:56,13:45:05,13:46:09,13:47:39,13:48:48,13:50:35,13:52:33,13:53:32,13:55:12,13:56:50,13:57:50,13:58:50,13:59:50,14:00:20,14:00:50,14:01:50,14:02:50,14:03:50,14:04:50,14:05:50,14:06:20,14:07:20,14:08:20,14:10:20,14:11:20,14:12:20,14:13:20,14:14:20,14:44:20,14:45:20,14:45:50,14:46:50,14:47:50,14:48:50,14:49:50,14:50:20,14:50:50,14:51:50,14:52:50,14:53:50,14:54:20,14:54:50,14:55:50,14:56:50,14:57:50
13:34:00,13:35:52,13:37:31,13:39:21,13:42:05,13:43:22,13:44:38,13:45:38,13:47:06,13:48:33,13:49:30,13:50:31,13:51:56,13:53:05,13:54:09,13:55:39,13:56:48,13:58:35,14:00:33,14:01:32,14:03:12,14:04:50,14:05:50,14:06:50,14:07:50,14:08:20,14:08:50,14:09:50,14:10:50,14:11:50,14:12:50,14:13:50,14:14:20,14:15:20,14:16:20,14:18:20,14:19:20,14:20:20,14:21:20,14:22:20,14:52:20,14:53:20,14:53:50,14:54:50,14:55:50,14:56:50,14:57:50,14:58:20,14:58:50,14:59:50,15:00:50,15:01:50,15:02:20,15:02:50,15:03:50,15:04:50,15:05:50
13:42:00,13:43:52,13:45:31,13:47:21,13:50:05,13:51:22,13:52:38,13:53:38,13:55:06,13:56:33,13:57:30,13:58:31,13:59:56,14:01:05,14:02:09,14:03:39,14:04:48,14:06:35,14:08:33,14:09:32,14:11:12,14:12:50,14:13:50,14:14:50,14:15:50,14:16:20,14:16:50,14:17:50,14:18:50,14:19:50,14:20:50,14:21:50,14:22:20,14:23:20,14:24:20,14:26:20,14:27:20,14:28:20,14:29:20,14:30:20,15:00:20,15:01:20,15:01:50,15:02:50,15:03:50,15:04:50,15:05:50,15:06:20,15:06:50,15:07:50,15:08:50,15:09:50,15:10:20,15:10:50,15:11:50,15:12:50,15:13:50
13:50:00,13:51:52,13:53:31,13:55:21,13:58:05,13:59:22,14:00:38,14:01:38,14:03:06,14:04:33,14:05:30,14:06:31,14:07:56,14:09:05,14:10:09,14:11:39,14:12:48,14:14:35,14:16:33,14:17:32,14:19:12,14:20:50,14:21:50,14:22:50,14:23:50,14:24:20,14:24:50,14:25:50,14:26:50,14:27:50,14:28:50,14:29:50,14:30:20,14:31:20,14:32:20,14:34:20,14:35:20,14:36:20,14:37:20,14:38:20,15:08:20,15:09:20,15:09:50,15:10:50,15:11:50,15:12:50,15:13:50,15:14:20,15:14:50,15:15:50,15:16:50,15:17:50,15:18:20,15:18:50,15:19:50,15:20:50,15:21:50
13:58:00,13:59:52,14:01:31,14:03:21,14:06:05,14:07:22,14:08:38,14:09:38,14:11:06,14:12:33,14:13:30,14:14:31,14:15:56,14:17:05,14:18:09,14:19:39,14:20:48,14:22:35,14:24:33,14:25:32,14:27:12,14:28:50,14:29:50,14:30:50,14:31:50,14:32:20,14:32:50,14:33:50,14:34:50,14:35:50,14:36:50,14:37:50,14:38:20,14:39:20,14:40:20,14:42:20,14:43:20,14:44:20,14:45:20,14:46:20,15:16:20,15:17:20,15:17:50,15:18:50,15:19:50,15:20:50,15:21:50,15:22:20,15:22:50,15:23:50,15:24:50,15:25:50,15:26:20,15:26:50,15:27:50,15:28:50,15:29:50
14:06:00,14:07:52,14:09:31,14:11:21,14:14:05,14:15:22,14:16:38,14:17:38,14:19:06,14:20:33,14:21:30,14:22:31,14:23:56,14:25:05,14:26:09,14:27:39,14:28:48,14:30:35,14:32:33,14:33:32,14:35:12,14:36:50,14:37:50,14:38:50,14:39:50,14:40:20,14:40:50,14:41:50,14:42:50,14:43:50,14:44:50,14:45:50,14:46:20,14:47:20,14:48:20,14:50:20,14:51:20,14:52:20,14:53:20,14:54:20,15:24:20,15:25:20,15:25:50,15:26:50,15:27:50,15:28:50,15:29:50,15:30:20,15:30:50,15:31:50,15:32:50,15:33:50,15:34:20,15:34:50,15:35:50,15:36:50,15:37:50
14:14:00,14:15:52,14:17:31,14:19:21,14:22:05,14:23:22,14:24:38,14:25:38,14:27:06,14:28:33,14:29:30,14:30:31,14:31:56,14:33:05,14:34:09,14:35:39,14:36:48,14:38:35,14:40:33,14:41:32,14:43:12,14:44:50,14:45:50,14:46:50,14:47:50,14:48:20,14:48:50,14:49:50,14:50:50,14:51:50,14:52:50,14:53:50,14:54:20,14:55:20,14:56:20,14:58:20,14:59:20,15:00:20,15:01:20,15:02:20,15:32:20,15:33:20,15:33:50,15:34:50,15:35:50,15:36:50,15:37:50,15:38:20,15:38:50,15:39:50,15:40:50,15:41:50,15:42:20,15:42:50,15:43:50,15:44:50,15:45:50
14:22:00,14:23:52,14:25:31,14:27:21,14:30:05,14:31:22,14:32:38,14:33:38,14:35:06,14:36:33,14:37:30,14:38:31,14:39:56,14:41:05,14:42:09,14:43:39,14:44:48,14:46:35,14:48:33,14:49:32,14:51:12,14:52:50,14:53:50,14:54:50,14:55:50,14:56:20,14:56:50,14:57:50,14:58:50,14:59:50,15:00:50,15:01:50,15:02:20,15:03:20,15:04:20,15:06:20,15:07:20,15:08:20,15:09:20,15:10:20,15:40:20,15:41:20,15:41:50,15:42:50,15:43:50,15:44:50,15:45:50,15:46:20,15:46:50,15:47:50,15:48:50,15:49:50,15:50:20,15:50:50,15:51:50,15:52:50,15:53:50
14:30:00,14:31:52,14:33:31,14:35:21,14:38:05,14:39:22,14:40:38,14:41:38,14:43:06,14:44:33,14:45:30,14:46:31,14:47:56,14:49:05,14:50:09,14:51:39,14:52:48,14:54:35,14:56:33,14:57:32,14:59:12,15:00:50,15:01:50,15:02:50,15:03:50,15:04:20,15:04:50,15:05:50,15:06:50,15:07:50,15:08:50,15:09:50,15:10:20,15:11:20,15:12:20,15:14:20,15:15:20,15:16:20,15:17:20,15:18:20,15:48:20,15:49:20,15:49:50,15:50:50,15:51:50,15:52:50,15:53:50,15:54:20,15:54:50,15:55:50,15:56:50,15:57:50,15:58:20,15:58:50,15:59:50,16:00:50,16:01:50
14:38:00,14:39:52,14:41:31,14:43:21,14:46:05,14:47:22,14:48:38,14:49:38,14:51:06,14:52:33,14:53:30,14:54:31,14:55:56,14:57:05,14:58:09,14:59:39,15:00:48,15:02:35,15:04:33,15:05:32,15:07:12,15:08:50,15:09:50,15:10:50,15:11:50,15:12:20,15:12:50,15:13:50,15:14:50,15:15:50,15:16:50,15:17:50,15:18:20,15:19:20,15:20:20,15:22:20,15:23:20,15:24:20,15:25:20,15:26:20,15:56:20,15:57:20,15:57:50,15:58:50,15:59:50,16:00:50,16:01:50,16:02:20,16:02:50,16:03:50,16:04:50,16:05:50,16:06:20,16:06:50,16:07:50,16:08:50,16:09:50
14:46:00,14:47:52,14:49:31,14:51:21,14:54:05,14:55:22,14:56:38,14:57:38,14:59:06,15:00:33,15:01:30,15:02:31,15:03:56,15:05:05,15:06:09,15:07:39,15:08:48,15:10:35,15:12:33,15:13:32,15:15:12,15:16:50,15:17:50,15:18:50,15:19:50,15:20:20,15:20:50,15:21:50,15:22:50,15:23:50,15:24:50,15:25:50,15:26:20,15:27:20,15:28:20,15:30:20,15:31:20,15:32:20,15:33:20,15:34:20,16:04:20,16:05:20,16:05:50,16:06:50,16:07:50,16:08:50,16:09:50,16:10:20,16:10:50,16:11:50,16:12:50,16:13:50,16:14:20,16:14:50,16:15:50,16:16:50,16:17:50
14:54:00,14:55:52,14:57:31,14:59:21,15:02:05,15:03:22,15:04:38,15:05:38,15:07:06,15:08:33,15:09:30,15:10:31,15:11:56,15:13:05,15:14:09,15:15:39,15:16:48,15:18:35,15:20:33,15:21:32,15:23:12,15:24:50,15:25:50,15:26:50,15:27:50,15:28:20,15:28:50,15:29:50,15:30:50,15:31:50,15:32:50,15:33:50,15:34:20,15:35:20,15:36:20,15:38:20,15:39:20,15:40:20,15:41:20,15:42:20,16:12:20,16:13:20,16:13:50,16:14:50,16:15:50,16:16:50,16:17:50,16:18:20,16:18:50,16:19:50,16:20:50,16:21:50,16:22:20,16:22:50,16:23:50,16:24:50,16:25:50
15:02:00,15:03:52,15:05:31,15:07:21,15:10:05,15:11:22,15:12:38,15:13:38,15:15:06,15:16:33,15:17:30,15:18:31,15:19:56,15:21:05,15:22:09,15:23:39,15:24:48,15:26:35,15:28:33,15:29:32,15:31:12,15:32:50,15:33:50,15:34:50,15:35:50,15:36:20,15:36:50,15:37:50,15:38:50,15:39:50,15:40:50,15:41:50,15:42:20,15:43:20,15:44:20,15:46:20,15:47:20,15:48:20,15:49:20,15:50:20,16:20:20,16:21:20,16:21:50,16:22:50,16:23:50,16:24:50,16:25:50,16:26:20,16:26:50,16:27:50,16:28:50,16:29:50,16:30:20,16:30:50,16:31:50,16:32:50,16:33:50
15:10:00,15:11:52,15:13:31,15:15:21,15:18:05,15:19:22,15:20:38,15:21:38,15:23:06,15:24:33,15:25:30,15:26:31,15:27:56,15:29:05,15:30:09,15:31:39,15:32:48,15:34:35,15:36:33,15:37:32,15:39:12,15:40:50,15:41:50,15:42:50,15:43:50,15:44:20,15:44:50,15:45:50,15:46:50,15:47:50,15:48:50,15:49:50,15:50:20,15:51:20,15:52:20,15:54:20,15:55:20,15:56:20,15:57:20,15:58:20,16:28:20,16:29:20,16:29:50,16:30:50,16:31:50,16:32:50,16:33:50,16:34:20,16:34:50,16:35:50,16:36:50,16:37:50,16:38:20,16:38:50,16:39:50,16:40:50,16:41:50
15:15:00,15:16:52,15:18:31,15:20:21,15:23:05,15:24:22,15:25:38,15:26:38,15:28:06,15:29:33,15:30:30,15:31:31,15:32:56,15:34:05,15:35:09,15:36:39,15:37:48,15:39:35,15:41:33,15:42:32,15:44:12,15:45:50,15:46:50,15:47:50,15:48:50,15:49:20,15:49:50,15:50:50,15:51:50,15:52:50,15:53:50,15:54:50,15:55:20,15:56:20,15:57:20,15:59:20,16:00:20,16:01:20,16:02:20,16:03:20,16:33:20,16:34:20,16:34:50,16:35:50,16:36:50,16:37:50,16:38:50,16:39:20,16:39:50,16:40:50,16:41:50,16:42:50,16:43:20,16:43:50,16:44:50,16:45:50,16:46:50
15:20:00,15:21:52,15:23:31,15:25:21,15:28:05,15:29:22,15:30:38,15:31:38,15:33:06,15:34:33,15:35:30,15:36:31,15:37:56,15:39:05,15:40:09,15:41:39,15:42:48,15:44:35,15:46:33,15:47:32,15:49:12,15:50:50,15:51:50,15:52:50,15:53:50,15:54:20,15:54:50,15:55:50,15:56:50,15:57:50,15:58:50,15:59:50,16:00:20,16:01:20,16:02:20,16:04:20,16:05:20,16:06:20,16:07:20,16:08:20,16:38:20,16:39:20,16:39:50,16:40:50,16:41:50,16:42:50,16:43:50,16:44:20,16:44:50,16:45:50,16:46:50,16:47:50,16:48:20,16:48:50,16:49:50,16:50:50,16:51:50
15:25:00,15:26:52,15:28:31,15:30:21,15:33:05,15:34:22,15:35:38,15:36:38,15:38:06,15:39:33,15:40:30,15:41:31,15:42:56,15:44:05,15:45:09,15:46:39,15:47:48,15:49:35,15:51:33,15:52:32,15:54:12,15:55:50,15:56:50,15:57:50,15:58:50,15:59:20,15:59:50,16:00:50,16:01:50,16:02:50,16:03:50,16:04:50,16:05:20,16:06:20,16:07:20,16:09:20,16:10:20,16:11:20,16:12:20,16:13:20,16:43:20,16:44:20,16:44:50,16:45:50,16:46:50,16:47:50,16:48:50,16:49:20,16:49:50,16:50:50,16:51:50,16:52:50,16:53:20,16:53:50,16:54:50,16:55:50,16:56:50
15:30:00,15:31:52,15:33:31,15:35:21,15:38:05,15:39:22,15:40:38,15:41:38,15:43:06,15:44:33,15:45:30,15:46:31,15:47:56,15:49:05,15:50:09,15:51:39,15:52:48,15:54:35,15:56:33,15:57:32,15:59:12,16:00:50,16:01:50,16:02:50,16:03:50,16:04:20,16:04:50,16:05:50,16:06:50,16:07:50,16:08:50,16:09:50,16:10:20,16:11:20,16:12:20,16:14:20,16:15:20,16:16:20,16:17:20,16:18:20,16:48:20,16:49:20,16:49:50,16:50:50,16:51:50,16:52:50,16:53:50,16:54:20,16:54:50,16:55:50,16:56:50,16:57:50,16:58:20,16:58:50,16:59:50,17:00:50,17:01:50
15:35:00,15:36:52,15:38:31,15:40:21,15:43:05,15:44:22,15:45:38,15:46:38,15:48:06,15:49:33,15:50:30,15:51:31,15:52:56,15:54:05,15:55:09,15:56:39,15:57:48,15:59:35,16:01:33,16:02:32,16:04:12,16:05:50,16:06:50,16:07:50,16:08:50,16:09:20,16:09:50,16:10:50,16:11:50,16:12:50,16:13:50,16:14:50,16:15:20,16:16:20,16:17:20,16:19:20,16:20:20,16:21:20,16:22:20,16:23:20,16:53:20,16:54:20,16:54:50,16:55:50,16:56:50,16:57:50,16:58:50,16:59:20,16:59:50,17:00:50,17:01:50,17:02:50,17:03:20,17:03:50,17:04:50,17:05:50,17:06:50
15:40:00,15:41:52,15:43:31,15:45:21,15:48:05,15:49:22,15:50:38,15:51:38,15:53:06,15:54:33,15:55:30,15:56:31,15:57:56,15:59:05,16:00:09,16:01:39,16:02:48,16:04:35,16:06:33,16:07:32,16:09:12,16:10:50,16:11:50,16:12:50,16:13:50,16:14:20,16:14:50,16:15:50,16:16:50,16:17:50,16:18:50,16:19:50,16:20:20,16:21:20,16:22:20,16:24:20,16:25:20,16:26:20,16:27:20,16:28:20,16:58:20,16:59:20,16:59:50,17:00:50,17:01:50,17:02:50,17:03:50,17:04:20,17:04:50,17:05:50,17:06:50,17:07:50,17:08:20,17:08:50,17:09:50,17:10:50,17:11:50
15:45:00,15:46:52,15:48:31,15:50:21,15:53:05,15:54:22,15:55:38,15:56:38,15:58:06,15:59:33,16:00:30,16:01:31,16:02:56,16:04:05,16:05:09,16:06:39,16:07:48,16:09:35,16:11:33,16:12:32,16:14:12,16:15:50,16:16:50,16:17:50,16:18:50,16:19:20,16:19:50,16:20:50,16:21:50,16:22:50,16:23:50,16:24:50,16:25:20,16:26:20,16:27:20,16:29:20,16:30:20,16:31:20,16:32:20,16:33:20,17:03:20,17:04:20,17:04:50,17:05:50,17:06:50,17:07:50,17:08:50,17:09:20,17:09:50,17:10:50,17:11:50,17:12:50,17:13:20,17:13:50,17:14:50,17:15:50,17:16:50
15:50:00,15:51:52,15:53:31,15:55:21,15:58:05,15:59:22,16:00:38,16:01:38,16:03:06,16:04:33,16:05:30,16:06:31,16:07:56,16:09:05,16:10:09,16:11:39,16:12:48,16:14:35,16:16:33,16:17:32,16:19:12,16:20:50,16:21:50,16:22:50,16:23:50,16:24:20,16:24:50,16:25:50,16:26:50,16:27:50,16:28:50,16:29:50,16:30:20,16:31:20,16:32:20,16:34:20,16:35:20,16:36:20,16:37:20,16:38:20,17:08:20,17:09:20,17:09:50,17:10:50,17:11:50,17:12:50,17:13:50,17:14:20,17:14:50,17:15:50,17:16:50,17:17:50,17:18:20,17:18:50,17:19:50,17:20:50,17:21:50
15:55:00,15:56:52,15:58:31,16:00:21,16:03:05,16:04:22,16:05:38,16:06:38,16:08:06,16:09:33,16:10:30,16:11:31,16:12:56,16:14:05,16:15:09,16:16:39,16:17:48,16:19:35,16:21:33,16:22:32,16:24:12,16:25:50,16:26:50,16:27:50,16:28:50,16:29:20,16:29:50,16:30:50,16:31:50,16:32:50,16:33:50,16:34:50,16:35:20,16:36:20,16:37:20,16:39:20,16:40:20,16:41:20,16:42:20,16:43:20,17:13:20,17:14:20,17:14:50,17:15:50,17:16:50,17:17:50,17:18:50,17:19:20,17:19:50,17:20:50,17:21:50,17:22:50,17:23:20,17:23:50,17:24:50,17:25:50,17:26:50
16:00:00,16:01:52,16:03:31,16:05:21,16:08:05,16:09:22,16:10:38,16:11:38,16:13:06,16:14:33,16:15:30,16:16:31,16:17:56,16:19:05,16:20:09,16:21:39,16:22:48,16:24:35,16:26:33,16:27:32,16:29:12,16:30:50,16:31:50,16:32:50,16:33:50,16:34:20,16:34:50,16:35:50,16:36:50,16:37:50,16:38:50,16:39:50,16:40:20,16:41:20,16:42:20,16:44:20,16:45:20,16:46:20,16:47:20,16:48:20,17:18:20,17:19:20,17:19:50,17:20:50,17:21:50,17:22:50,17:23:50,17:24:20,17:24:50,17:25:50,17:26:50,17:27:50,17:28:20,17:28:50,17:29:50,17:30:50,17:31:50
16:05:00,16:06:52,16:08:31,16:10:21,16:13:05,16:14:22,16:15:38,16:16:38,16:18:06,16:19:33,16:20:30,16:21:31,16:22:56,16:24:05,16:25:09,16:26:39,16:27:48,16:29:35,16:31:33,16:32:32,16:34:12,16:35:50,16:36:50,16:37:50,16:38:50,16:39:20,16:39:50,16:40:50,16:41:50,16:42:50,16:43:50,16:44:50,16:45:20,16:46:20,16:47:20,16:49:20,16:50:20,16:51:20,16:52:20,16:53:20,17:23:20,17:24:20,17:24:50,17:25:50,17:26:50,17:27:50,17:28:50,17:29:20,17:29:50,17:30:50,17:31:50,17:32:50,17:33:20,17:33:50,17:34:50,17:35:50,17:36:50
16:10:00,16:11:52,16:13:31,16:15:21,16:18:05,16:19:22,16:20:38,16:21:38,16:23:06,16:24:33,16:25:30,16:26:31,16:27:56,16:29:05,16:30:09,16:31:39,16:32:48,16:34:35,16:36:33,16:37:32,16:39:12,16:40:50,16:41:50,16:42:50,16:43:50,16:44:20,16:44:50,16:45:50,16:46:50,16:47:50,16:48:50,16:49:50,16:50:20,16:51:20,16:52:20,16:54:20,16:55:20,16:56:20,16:57:20,16:58:20,17:28:20,17:29:20,17:29:50,17:30:50,17:31:50,17:32:50,17:33:50,17:34:20,17:34:50,17:35:50,17:36:50,17:37:50,17:38:20,17:38:50,17:39:50,17:40:50,17:41:50
16:15:00,16:16:52,16:18:31,16:20:21,16:23:05,16:24:22,16:25:38,16:26:38,16:28:06,16:29:33,16:30:30,16:31:31,16:32:56,16:34:05,16:35:09,16:36:39,16:37:48,16:39:35,16:41:33,16:42:32,16:44:12,16:45:50,16:46:50,16:47:50,16:48:50,16:49:20,16:49:50,16:50:50,16:51:50,16:52:50,16:53:50,16:54:50,16:55:20,16:56:20,16:57:20,16:59:20,17:00:20,17:01:20,17:02:20,17:03:20,17:33:20,17:34:20,17:34:50,17:35:50,17:36:50,17:37:50,17:38:50,17:39:20,17:39:50,17:40:50,17:41:50,17:42:50,17:43:20,17:43:50,17:44:50,17:45:50,17:46:50
16:20:00,16:21:52,16:23:31,16:25:21,16:28:05,16:29:22,16:30:38,16:31:38,16:33:06,16:34:33,16:35:30,16:36:31,16:37:56,16:39:05,16:40:09,16:41:39,16:42:48,16:44:35,16:46:33,16:47:32,16:49:12,16:50:50,16:51:50,16:52:50,16:53:50,16:54:20,16:54:50,16:55:50,16:56:50,16:57:50,16:58:50,16:59:50,17:00:20,17:01:20,17:02:20,17:04:20,17:05:20,17:06:20,17:07:20,17:08:20,17:38:20,17:39:20,17:39:50,17:40:50,17:41:50,17:42:50,17:43:50,17:44:20,17:44:50,17:45:50,17:46:50,17:47:50,17:48:20,17:48:50,17:49:50,17:50:50,17:51:50
16:25:00,16:26:52,16:28:31,16:30:21,16:33:05,16:34:22,16:35:38,16:36:38,16:38:06,16:39:33,16:40:30,16:41:31,16:42:56,16:44:05,16:45:09,16:46:39,16:47:48,16:49:35,16:51:33,16:52:32,16:54:12,16:55:50,16:56:50,16:57:50,16:58:50,16:59:20,16:59:50,17:00:50,17:01:50,17:02:50,17:03:50,17:04:50,17:05:20,17:06:20,17:07:20,17:09:20,17:10:20,17:11:20,17:12:20,17:13:20,17:43:20,17:44:20,17:44:50,17:45:50,17:46:50,17:47:50,17:48:50,17:49:20,17:49:50,17:50:50,17:51:50,17:52:50,17:53:20,17:53:50,17:54:50,17:55:50,17:56:50
16:30:00,16:31:52,16:33:31,16:35:21,16:38:05,16:39:22,16:40:38,16:41:38,16:43:06,16:44:33,16:45:30,16:46:31,16:47:56,16:49:05,16:50:09,16:51:39,16:52:48,16:54:35,16:56:33,16:57:32,16:59:12,17:00:50,17:01:50,17:02:50,17:03:50,17:04:20,17:04:50,17:05:50,17:06:50,17:07:50,17:08:50,17:09:50,17:10:20,17:11:20,17:12:20,17:14:20,17:15:20,17:16:20,17:17:20,17:18:20,17:48:20,17:49:20,17:49:50,17:50:50,17:51:50,17:52:50,17:53:50,17:54:20,17:54:50,17:55:50,17:56:50,17:57:50,17:58:20,17:58:50,17:59:50,18:00:50,18:01:50
16:35:00,16:36:52,16:38:31,16:40:21,16:43:05,16:44:22,16:45:38,16:46:38,16:48:06,16:49:33,16:50:30,16:51:31,16:52:56,16:54:05,16:55:09,16:56:39,16:57:48,16:59:35,17:01:33,17:02:32,17:04:12,17:05:50,17:06:50,17:07:50,17:08:50,17:09:20,17:09:50,17:10:50,17:11:50,17:12:50,17:13:50,17:14:50,17:15:20,17:16:20,17:17:20,17:19:20,17:20:20,17:21:20,17:22:20,17:23:20,17:53:20,17:54:20,17:54:50,17:55:50,17:56:50,17:57:50,17:58:50,17:59:20,17:59:50,18:00:50,18:01:50,18:02:50,18:03:20,18:03:50,18:04:50,18:05:50,18:06:50
16:40:00,16:41:52,16:43:31,16:45:21,16:48:05,16:49:22,16:50:38,16:51:38,16:53:06,16:54:33,16:55:30,16:56:31,16:57:56,16:59:05,17:00:09,17:01:39,17:02:48,17:04:35,17:06:33,17:07:32,17:09:12,17:10:50,17:11:50,17:12:50,17:13:50,17:14:20,17:14:50,17:15:50,17:16:50,17:17:50,17:18:50,17:19:50,17:20:20,17:21:20,17:22:20,17:24:20,17:25:20,17:26:20,17:27:20,17:28:20,17:58:20,17:59:20,17:59:50,18:00:50,18:01:50,18:02:50,18:03:50,18:04:20,18:04:50,18:05:50,18:06:50,18:07:50,18:08:20,18:08:50,18:09:50,18:10:50,18:11:50
16:45:00,16:46:52,16:48:31,16:50:21,16:53:05,16:54:22,16:55:38,16:56:38,16:58:06,16:59:33,17:00:30,17:01:31,17:02:56,17:04:05,17:05:09,17:06:39,17:07:48,17:09:35,17:11:33,17:12:32,17:14:12,17:15:50,17:16:50,17:17:50,17:18:50,17:19:20,17:19:50,17:20:50,17:21:50,17:22:50,17:23:50,17:24:50,17:25:20,17:26:20,17:27:20,17:29:20,17:30:20,17:31:20,17:32:20,17:33:20,18:03:20,18:04:20,18:04:50,18:05:50,18:06:50,18:07:50,18:08:50,18:09:20,18:09:50,18:10:50,18:11:50,18:12:50,18:13:20,18:13:50,18:14:50,18:15:50,18:16:50
16:50:00,16:51:52,16:53:31,16:55:21,16:58:05,16:59:22,17:00:38,17:01:38,17:03:06,17:04:33,17:05:30,17:06:31,17:07:56,17:09:05,17:10:09,17:11:39,17:12:48,17:14:35,17:16:33,17:17:32,17:19:12,17:20:50,17:21:50,17:22:50,17:23:50,17:24:20,17:24:50,17:25:50,17:26:50,17:27:50,17:28:50,17:29:50,17:30:20,17:31:20,17:32:20,17:34:20,17:35:20,17:36:20,17:37:20,17:38:20,18:08:20,18:09:20,18:09:50,18:10:50,18:11:50,18:12:50,18:13:50,18:14:20,18:14:50,18:15:50,18:16:50,18:17:50,18:18:20,18:18:50,18:19:50,18:20:50,18:21:50
16:55:00,16:56:52,16:58:31,17:00:21,17:03:05,17:04:22,17:05:38,17:06:38,17:08:06,17:09:33,17:10:30,17:11:31,17:12:56,17:14:05,17:15:09,17:16:39,17:17:48,17:19:35,17:21:33,17:22:32,17:24:12,17:25:50,17:26:50,17:27:50,17:28:50,17:29:20,17:29:50,17:30:50,17:31:50,17:32:50,17:33:50,17:34:50,17:35:20,17:36:20,17:37:20,17:39:20,17:40:20,17:41:20,17:42:20,17:43:20,18:13:20,18:14:20,18:14:50,18:15:50,18:16:50,18:17:50,18:18:50,18:19:20,18:19:50,18:20:50,18:21:50,18:22:50,18:23:20,18:23:50,18:24:50,18:25:50,18:26:50
17:00:00,17:01:52,17:03:31,17:05:21,17:08:05,17:09:22,17:10:38,17:11:38,17:13:06,17:14:33,17:15:30,17:16:31,17:17:56,17:19:05,17:20:09,17:21:39,17:22:48,17:24:35,17:26:33,17:27:32,17:29:12,17:30:50,17:31:50,17:32:50,17:33:50,17:34:20,17:34:50,17:35:50,17:36:50,17:37:50,17:38:50,17:39:50,17:40:20,17:41:20,17:42:20,17:44:20,17:45:20,17:46:20,17:47:20,17:48:20,18:18:20,18:19:20,18:19:50,18:20:50,18:21:50,18:22:50,18:23:50,18:24:20,18:24:50,18:25:50,18:26:50,18:27:50,18:28:20,18:28:50,18:29:50,18:30:50,18:31:50
17:05:00,17:06:52,17:08:31,17:10:21,17:13:05,17:14:22,17:15:38,17:16:38,17:18:06,17:19:33,17:20:30,17:21:31,17:22:56,17:24:05,17:25:09,17:26:39,17:27:48,17:29:35,17:31:33,17:32:32,17:34:12,17:35:50,17:36:50,17:37:50,17:38:50,17:39:20,17:39:50,17:40:50,17:41:50,17:42:50,17:43:50,17:44:50,17:45:20,17:46:20,17:47:20,17:49:20,17:50:20,17:51:20,17:52:20,17:53:20,18:23:20,18:24:20,18:24:50,18:25:50,18:26:50,18:27:50,18:28:50,18:29:20,18:29:50,18:30:50,18:31:50,18:32:50,18:33:20,18:33:50,18:34:50,18:35:50,18:36:50
17:10:00,17:11:52,17:13:31,17:15:21,17:18:05,17:19:22,17:20:38,17:21:38,17:23:06,17:24:33,17:25:30,17:26:31,17:27:56,17:29:05,17:30:09,17:31:39,17:32:48,17:34:35,17:36:33,17:37:32,17:39:12,17:40:50,17:41:50,17:42:50,17:43:50,17:44:20,17:44:50,17:45:50,17:46:50,17:47:50,17:48:50,17:49:50,17:50:20,17:51:20,17:52:20,17:54:20,17:55:20,17:56:20,17:57:20,17:58:20,18:28:20,18:29:20,18:29:50,18:30:50,18:31:50,18:32:50,18:33:50,18:34:20,18:34:50,18:35:50,18:36:50,18:37:50,18:38:20,18:38:50,18:39:50,18:40:50,18:41:50
17:15:00,17:16:52,17:18:31,17:20:21,17:23:05,17:24:22,17:25:38,17:26:38,17:28:06,17:29:33,17:30:30,17:31:31,17:32:56,17:34:05,17:35:09,17:36:39,17:37:48,17:39:35,17:41:33,17:42:32,17:44:12,17:45:50,17:46:50,17:47:50,17:48:50,17:49:20,17:49:50,17:50:50,17:51:50,17:52:50,17:53:50,17:54:50,17:55:20,17:56:20,17:57:20,17:59:20,18:00:20,18:01:20,18:02:20,18:03:20,18:33:20,18:34:20,18:34:50,18:35:50,18:36:50,18:37:50,18:38:50,18:39:20,18:39:50,18:40:50,18:41:50,18:42:50,18:43:20,18:43:50,18:44:50,18:45:50,18:46:50
17:20:00,17:21:52,17:23:31,17:25:21,17:28:05,17:29:22,17:30:38,17:31:38,17:33:06,17:34:33,17:35:30,17:36:31,17:37:56,17:39:05,17:40:09,17:41:39,17:42:48,17:44:35,17:46:33,17:47:32,17:49:12,17:50:50,17:51:50,17:52:50,17:53:50,17:54:20,17:54:50,17:55:50,17:56:50,17:57:50,17:58:50,17:59:50,18:00:20,18:01:20,18:02:20,18:04:20,18:05:20,18:06:20,18:07:20,18:08:20,18:38:20,18:39:20,18:39:50,18:40:50,18:41:50,18:42:50,18:43:50,18:44:20,18:44:50,18:45:50,18:46:50,18:47:50,18:48:20,18:48:50,18:49:50,18:50:50,18:51:50
17:25:00,17:26:52,17:28:31,17:30:21,17:33:05,17:34:22,17:35:38,17:36:38,17:38:06,17:39:33,17:40:30,17:41:31,17:42:56,17:44:05,17:45:09,17:46:39,17:47:48,17:49:35,17:51:33,17:52:32,17:54:12,17:55:50,17:56:50,17:57:50,17:58:50,17:59:20,17:59:50,18:00:50,18:01:50,18:02:50,18:03:50,18:04:50,18:05:20,18:06:20,18:07:20,18:09:20,18:10:20,18:11:20,18:12:20,18:13:20,18:43:20,18:44:20,18:44:50,18:45:50,18:46:50,18:47:50,18:48:50,18:49:20,18:49:50,18:50:50,18:51:50,18:52:50,18:53:20,18:53:50,18:54:50,18:55:50,18:56:50
17:30:00,17:31:52,17:33:31,17:35:21,17:38:05,17:39:22,17:40:38,17:41:38,17:43:06,17:44:33,17:45:30,17:46:31,17:47:56,17:49:05,17:50:09,17:51:39,17:52:48,17:54:35,17:56:33,17:57:32,17:59:12,18:00:50,18:01:50,18:02:50,18:03:50,18:04:20,18:04:50,18:05:50,18:06:50,18:07:50,18:08:50,18:09:50,18:10:20,18:11:20,18:12:20,18:14:20,18:15:20,18:16:20,18:17:20,18:18:20,18:48:20,18:49:20,18:49:50,18:50:50,18:51:50,18:52:50,18:53:50,18:54:20,18:54:50,18:55:50,18:56:50,18:57:50,18:58:20,18:58:50,18:59:50,19:00:50,19:01:50
17:35:00,17:36:52,17:38:31,17:40:21,17:43:05,17:44:22,17:45:38,17:46:38,17:48:06,17:49:33,17:50:30,17:51:31,17:52:56,17:54:05,17:55:09,17:56:39,17:57:48,17:59:35,18:01:33,18:02:32,18:04:12,18:05:50,18:06:50,18:07:50,18:08:50,18:09:20,18:09:50,18:10:50,18:11:50,18:12:50,18:13:50,18:14:50,18:15:20,18:16:20,18:17:20,18:19:20,18:20:20,18:21:20,18:22:20,18:23:20,18:53:20,18:54:20,18:54:50,18:55:50,18:56:50,18:57:50,18:58:50,18:59:20,18:59:50,19:00:50,19:01:50,19:02:50,19:03:20,19:03:50,19:04:50,19:05:50,19:06:50
17:40:00,17:41:52,17:43:31,17:45:21,17:48:05,17:49:22,17:50:38,17:51:38,17:53:06,17:54:33,17:55:30,17:56:31,17:57:56,17:59:05,18:00:09,18:01:39,18:02:48,18:04:35,18:06:33,18:07:32,18:09:12,18:10:50,18:11:50,18:12:50,18:13:50,18:14:20,18:14:50,18:15:50,18:16:50,18:17:50,18:18:50,18:19:50,18:20:20,18:21:20,18:22:20,18:24:20,18:25:20,18:26:20,18:27:20,18:28:20,18:58:20,18:59:20,18:59:50,19:00:50,19:01:50,19:02:50,19:03:50,19:04:20,19:04:50,19:05:50,19:06:50,19:07:50,19:08:20,19:08:50,19:09:50,19:10:50,19:11:50
17:45:00,17:46:52,17:48:31,17:50:21,17:53:05,17:54:22,17:55:38,17:56:38,17:58:06,17:59:33,18:00:30,18:01:31,18:02:56,18:04:05,18:05:09,18:06:39,18:07:48,18:09:35,18:11:33,18:12:32,18:14:12,18:15:50,18:16:50,18:17:50,18:18:50,18:19:20,18:19:50,18:20:50,18:21:50,18:22:50,18:23:50,18:24:50,18:25:20,18:26:20,18:27:20,18:29:20,18:30:20,18:31:20,18:32:20,18:33:20,19:03:20,19:04:20,19:04:50,19:05:50,19:06:50,19:07:50,19:08:50,19:09:20,19:09:50,19:10:50,19:11:50,19:12:50,19:13:20,19:13:50,19:14:50,19:15:50,19:16:50
17:50:00,17:51:52,17:53:31,17:55:21,17:58:05,17:59:22,18:00:38,18:01:38,18:03:06,18:04:33,18:05:30,18:06:31,18:07:56,18:09:05,18:10:09,18:11:39,18:12:48,18:14:35,18:16:33,18:17:32,18:19:12,18:20:50,18:21:50,18:22:50,18:23:50,18:24:20,18:24:50,18:25:50,18:26:50,18:27:50,18:28:50,18:29:50,18:30:20,18:31:20,18:32:20,18:34:20,18:35:20,18:36:20,18:37:20,18:38:20,19:08:20,19:09:20,19:09:50,19:10:50,19:11:50,19:12:50,19:13:50,19:14:20,19:14:50,19:15:50,19:16:50,19:17:50,19:18:20,19:18:50,19:19:50,19:20:50,19:21:50
17:55:00,17:56:52,17:58:31,18:00:21,18:03:05,18:04:22,18:05:38,18:06:38,18:08:06,18:09:33,18:10:30,18:11:31,18:12:56,18:14:05,18:15:09,18:16:39,18:17:48,18:19:35,18:21:33,18:22:32,18:24:12,18:25:50,18:26:50,18:27:50,18:28:50,18:29:20,18:29:50,18:30:50,18:31:50,18:32:50,18:33:50,18:34:50,18:35:20,18:36:20,18:37:20,18:39:20,18:40:20,18:41:20,18:42:20,18:43:20,19:13:20,19:14:20,19:14:50,19:15:50,19:16:50,19:17:50,19:18:50,19:19:20,19:19:50,19:20:50,19:21:50,19:22:50,19:23:20,19:23:50,19:24:50,19:25:50,19:26:50
18:00:00,18:01:52,18:03:31,18:05:21,18:08:05,18:09:22,18:10:38,18:11:38,18:13:06,18:14:33,18:15:30,18:16:31,18:17:56,18:19:05,18:20:09,18:21:39,18:22:48,18:24:35,18:26:33,18:27:32,18:29:12,18:30:50,18:31:50,18:32:50,18:33:50,18:34:20,18:34:50,18:35:50,18:36:50,18:37:50,18:38:50,18:39:50,18:40:20,18:41:20,18:42:20,18:44:20,18:45:20,18:46:20,18:47:20,18:48:20,19:18:20,19:19:20,19:19:50,19:20:50,19:21:50,19:22:50,19:23:50,19:24:20,19:24:50,19:25:50,19:26:50,19:27:50,19:28:20,19:28:50,19:29:50,19:30:50,19:31:50
18:08:00,18:09:52,18:11:31,18:13:21,18:16:05,18:17:22,18:18:38,18:19:38,18:21:06,18:22:33,18:23:30,18:24:31,18:25:56,18:27:05,18:28:09,18:29:39,18:30:48,18:32:35,18:34:33,18:35:32,18:37:12,18:38:50,18:39:50,18:40:50,18:41:50,18:42:20,18:42:50,18:43:50,18:44:50,18:45:50,18:46:50,18:47:50,18:48:20,18:49:20,18:50:20,18:52:20,18:53:20,18:54:20,18:55:20,18:56:20,19:26:20,19:27:20,19:27:50,19:28:50,19:29:50,19:30:50,19:31:50,19:32:20,19:32:50,19:33:50,19:34:50,19:35:50,19:36:20,19:36:50,19:37:50,19:38:50,19:39:50
18:16:00,18:17:52,18:19:31,18:21:21,18:24:05,18:25:22,18:26:38,18:27:38,18:29:06,18:30:33,18:31:30,18:32:31,18:33:56,18:35:05,18:36:09,18:37:39,18:38:48,18:40:35,18:42:33,18:43:32,18:45:12,18:46:50,18:47:50,18:48:50,18:49:50,18:50:20,18:50:50,18:51:50,18:52:50,18:53:50,18:54:50,18:55:50,18:56:20,18:57:20,18:58:20,19:00:20,19:01:20,19:02:20,19:03:20,19:04:20,19:34:20,19:35:20,19:35:50,19:36:50,19:37:50,19:38:50,19:39:50,19:40:20,19:40:50,19:41:50,19:42:50,19:43:50,19:44:20,19:44:50,19:45:50,19:46:50,19:47:50
18:24:00,18:25:52,18:27:31,18:29:21,18:32:05,18:33:22,18:34:38,18:35:38,18:37:06,18:38:33,18:39:30,18:40:31,18:41:56,18:43:05,18:44:09,18:45:39,18:46:48,18:48:35,18:50:33,18:51:32,18:53:12,18:54:50,18:55:50,18:56:50,18:57:50,18:58:20,18:58:50,18:59:50,19:00:50,19:01:50,19:02:50,19:03:50,19:04:20,19:05:20,19:06:20,19:08:20,19:09:20,19:10:20,19:11:20,19:12:20,19:42:20,19:43:20,19:43:50,19:44:50,19:45:50,19:46:50,19:47:50,19:48:20,19:48:50,19:49:50,19:50:50,19:51:50,19:52:20,19:52:50,19:53:50,19:54:50,19:55:50
18:32:00,18:33:52,18:35:31,18:37:21,18:40:05,18:41:22,18:42:38,18:43:38,18:45:06,18:46:33,18:47:30,18:48:31,18:49:56,18:51:05,18:52:09,18:53:39,18:54:48,18:56:35,18:58:33,18:59:32,19:01:12,19:02:50,19:03:50,19:04:50,19:05:50,19:06:20,19:06:50,19:07:50,19:08:50,19:09:50,19:10:50,19:11:50,19:12:20,19:13:20,19:14:20,19:16:20,19:17:20,19:18:20,19:19:20,19:20:20,19:50:20,19:51:20,19:51:50,19:52:50,19:53:50,19:54:50,19:55:50,19:56:20,19:56:50,19:57:50,19:58:50,19:59:50,20:00:20,20:00:50,20:01:50,20:02:50,20:03:50
18:40:00,18:41:52,18:43:31,18:45:21,18:48:05,18:49:22,18:50:38,18:51:38,18:53:06,18:54:33,18:55:30,18:56:31,18:57:56,18:59:05,19:00:09,19:01:39,19:02:48,19:04:35,19:06:33,19:07:32,19:09:12,19:10:50,19:11:50,19:12:50,19:13:50,19:14:20,19:14:50,19:15:50,19:16:50,19:17:50,19:18:50,19:19:50,19:20:20,19:21:20,19:22:20,19:24:20,19:25:20,19:26:20,19:27:20,19:28:20,19:58:20,19:59:20,19:59:50,20:00:50,20:01:50,20:02:50,20:03:50,20:04:20,20:04:50,20:05:50,20:06:50,20:07:50,20:08:20,20:08:50,20:09:50,20:10:50,20:11:50
18:48:00,18:49:52,18:51:31,18:53:21,18:56:05,18:57:22,18:58:38,18:59:38,19:01:06,19:02:33,19:03:30,19:04:31,19:05:56,19:07:05,19:08:09,19:09:39,19:10:48,19:12:35,19:14:33,19:15:32,19:17:12,19:18:50,19:19:50,19:20:50,19:21:50,19:22:20,19:22:50,19:23:50,19:24:50,19:25:50,19:26:50,19:27:50,19:28:20,19:29:20,19:30:20,19:32:20,19:33:20,19:34:20,19:35:20,19:36:20,20:06:20,20:07:20,20:07:50,20:08:50,20:09:50,20:10:50,20:11:50,20:12:20,20:12:50,20:13:50,20:14:50,20:15:50,20:16:20,20:16:50,20:17:50,20:18:50,20:19:50
18:56:00,18:57:52,18:59:31,19:01:21,19:04:05,19:05:22,19:06:38,19:07:38,19:09:06,19:10:33,19:11:30,19:12:31,19:13:56,19:15:05,19:16:09,19:17:39,19:18:48,19:20:35,19:22:33,19:23:32,19:25:12,19:26:50,19:27:50,19:28:50,19:29:50,19:30:20,19:30:50,19:31:50,19:32:50,19:33:50,19:34:50,19:35:50,19:36:20,19:37:20,19:38:20,19:40:20,19:41:20,19:42:20,19:43:20,19:44:20,20:14:20,20:15:20,20:15:50,20:16:50,20:17:50,20:18:50,20:19:50,20:20:20,20:20:50,20:21:50,20:22:50,20:23:50,20:24:20,20:24:50,20:25:50,20:26:50,20:27:50
19:04:00,19:05:52,19:07:31,19:09:21,19:12:05,19:13:22,19:14:38,19:15:38,19:17:06,19:18:33,19:19:30,19:20:31,19:21:56,19:23:05,19:24:09,19:25:39,19:26:48,19:28:35,19:30:33,19:31:32,19:33:12,19:34:50,19:35:50,19:36:50,19:37:50,19:38:20,19:38:50,19:39:50,19:40:50,19:41:50,19:42:50,19:43:50,19:44:20,19:45:20,19:46:20,19:48:20,19:49:20,19:50:20,19:51:20,19:52:20,20:22:20,20:23:20,20:23:50,20:24:50,20:25:50,20:26:50,20:27:50,20:28:20,20:28:50,20:29:50,20:30:50,20:31:50,20:32:20,20:32:50,20:33:50,20:34:50,20:35:50
19:12:00,19:13:52,19:15:31,19:17:21,19:20:05,19:21:22,19:22:38,19:23:38,19:25:06,19:26:33,19:27:30,19:28:31,19:29:56,19:31:05,19:32:09,19:33:39,19:34:48,19:36:35,19:38:33,19:39:32,19:41:12,19:42:50,19:43:50,19:44:50,19:45:50,19:46:20,19:46:50,19:47:50,19:48:50,19:49:50,19:50:50,19:51:50,19:52:20,19:53:20,19:54:20,19:56:20,19:57:20,19:58:20,19:59:20,20:00:20,20:30:20,20:31:20,20:31:50,20:32:50,20:33:50,20:34:50,20:35:50,20:36:20,20:36:50,20:37:50,20:38:50,20:39:50,20:40:20,20:40:50,20:41:50,20:42:50,20:43:50
19:20:00,19:21:52,19:23:31,19:25:21,19:28:05,19:29:22,19:30:38,19:31:38,19:33:06,19:34:33,19:35:30,19:36:31,19:37:56,19:39:05,19:40:09,19:41:39,19:42:48,19:44:35,19:46:33,19:47:32,19:49:12,19:50:50,19:51:50,19:52:50,19:53:50,19:54:20,19:54:50,19:55:50,19:56:50,19:57:50,19:58:50,19:59:50,20:00:20,20:01:20,20:02:20,20:04:20,20:05:20,20:06:20,20:07:20,20:08:20,20:38:20,20:39:20,20:39:50,20:40:50,20:41:50,20:42:50,20:43:50,20:44:20,20:44:50,20:45:50,20:46:50,20:47:50,20:48:20,20:48:50,20:49:50,20:50:50,20:51:50
19:30:00,19:31:52,19:33:31,19:35:21,19:38:05,19:39:22,19:40:38,19:41:38,19:43:06,19:44:33,19:45:30,19:46:31,19:47:56,19:49:05,19:50:09,19:51:39,19:52:48,19:54:35,19:56:33,19:57:32,19:59:12,20:00:50,20:01:50,20:02:50,20:03:50,20:04:20,20:04:50,20:05:50,20:06:50,20:07:50,20:08:50,20:09:50,20:10:20,20:11:20,20:12:20,20:14:20,20:15:20,20:16:20,20:17:20,20:18:20,20:48:20,20:49:20,20:49:50,20:50:50,20:51:50,20:52:50,20:53:50,20:54:20,20:54:50,20:55:50,20:56:50,20:57:50,20:58:20,20:58:50,20:59:50,21:00:50,21:01:50
19:40:00,19:41:52,19:43:31,19:45:21,19:48:05,19:49:22,19:50:38,19:51:38,19:53:06,19:54:33,19:55:30,19:56:31,19:57:56,19:59:05,20:00:09,20:01:39,20:02:48,20:04:35,20:06:33,20:07:32,20:09:12,20:10:50,20:11:50,20:12:50,20:13:50,20:14:20,20:14:50,20:15:50,20:16:50,20:17:50,20:18:50,20:19:50,20:20:20,20:21:20,20:22:20,20:24:20,20:25:20,20:26:20,20:27:20,20:28:20,20:58:20,20:59:20,20:59:50,21:00:50,21:01:50,21:02:50,21:03:50,21:04:20,21:04:50,21:05:50,21:06:50,21:07:50,21:08:20,21:08:50,21:09:50,21:10:50,21:11:50
19:50:00,19:51:52,19:53:31,19:55:21,19:58:05,19:59:22,20:00:38,20:01:38,20:03:06,20:04:33,20:05:30,20:06:31,20:07:56,20:09:05,20:10:09,20:11:39,20:12:48,20:14:35,20:16:33,20:17:32,20:19:12,20:20:50,20:21:50,20:22:50,20:23:50,20:24:20,20:24:50,20:25:50,20:26:50,20:27:50,20:28:50,20:29:50,20:30:20,20:31:20,20:32:20,20:34:20,20:35:20,20:36:20,20:37:20,20:38:20,21:08:20,21:09:20,21:09:50,21:10:50,21:11:50,21:12:50,21:13:50,21:14:20,21:14:50,21:15:50,21:16:50,21:17:50,21:18:20,21:18:50,21:19:50,21:20:50,21:21:50
20:00:00,20:01:52,20:03:31,20:05:21,20:08:05,20:09:22,20:10:38,20:11:38,20:13:06,20:14:33,20:15:30,20:16:31,20:17:56,20:19:05,20:20:09,20:21:39,20:22:48,20:24:35,20:26:33,20:27:32,20:29:12,20:30:50,20:31:50,20:32:50,20:33:50,20:34:20,20:34:50,20:35:50,20:36:50,20:37:50,20:38:50,20:39:50,20:40:20,20:41:20,20:42:20,20:44:20,20:45:20,20:46:20,20:47:20,20:48:20,21:18:20,21:19:20,21:19:50,21:20:50,21:21:50,21:22:50,21:23:50,21:24:20,21:24:50,21:25:50,21:26:50,21:27:50,21:28:20,21:28:50,21:29:50,21:30:50,21:31:50
20:10:00,20:11:52,20:13:31,20:15:21,20:18:05,20:19:22,20:20:38,20:21:38,20:23:06,20:24:33,20:25:30,20:26:31,20:27:56,20:29:05,20:30:09,20:31:39,20:32:48,20:34:35,20:36:33,20:37:32,20:39:12,20:40:50,20:41:50,20:42:50,20:43:50,20:44:20,20:44:50,20:45:50,20:46:50,20:47:50,20:48:50,20:49:50,20:50:20,20:51:20,20:52:20,20:54:20,20:55:20,20:56:20,20:57:20,20:58:20,21:28:20,21:29:20,21:29:50,21:30:50,21:31:50,21:32:50,21:33:50,21:34:20,21:34:50,21:35:50,21:36:50,21:37:50,21:38:20,21:38:50,21:39:50,21:40:50,21:41:50
20:20:00,20:21:52,20:23:31,20:25:21,20:28:05,20:29:22,20:30:38,20:31:38,20:33:06,20:34:33,20:35:30,20:36:31,20:37:56,20:39:05,20:40:09,20:41:39,20:42:48,20:44:35,20:46:33,20:47:32,20:49:12,20:50:50,20:51:50,20:52:50,20:53:50,20:54:20,20:54:50,20:55:50,20:56:50,20:57:50,20:58:50,20:59:50,21:00:20,21:01:20,21:02:20,21:04:20,21:05:20,21:06:20,21:07:20,21:08:20,21:38:20,21:39:20,21:39:50,21:40:50,21:41:50,21:42:50,21:43:50,21:44:20,21:44:50,21:45:50,21:46:50,21:47:50,21:48:20,21:48:50,21:49:50,21:50:50,21:51:50
20:30:00,20:31:52,20:33:31,20:35:21,20:38:05,20:39:22,20:40:38,20:41:38,20:43:06,20:44:33,20:45:30,20:46:31,20:47:56,20:49:05,20:50:09,20:51:39,20:52:48,20:54:35,20:56:33,20:57:32,20:59:12,21:00:50,21:01:50,21:02:50,21:03:50,21:04:20,21:04:50,21:05:50,21:06:50,21:07:50,21:08:50,21:09:50,21:10:20,21:11:20,21:12:20,21:14:20,21:15:20,21:16:20,21:17:20,21:18:20,21:48:20,21:49:20,21:49:50,21:50:50,21:51:50,21:52:50,21:53:50,21:54:20,21:54:50,21:55:50,21:56:50,21:57:50,21:58:20,21:58:50,21:59:50,22:00:50,22:01:50
20:40:00,20:41:52,20:43:31,20:45:21,20:48:05,20:49:22,20:50:38,20:51:38,20:53:06,20:54:33,20:55:30,20:56:31,20:57:56,20:59:05,21:00:09,21:01:39,21:02:48,21:04:35,21:06:33,21:07:32,21:09:12,21:10:50,21:11:50,21:12:50,21:13:50,21:14:20,21:14:50,21:15:50,21:16:50,21:17:50,21:18:50,21:19:50,21:20:20,21:21:20,21:22:20,21:24:20,21:25:20,21:26:20,21:27:20,21:28:20,21:58:20,21:59:20,21:59:50,22:00:50,22:01:50,22:02:50,22:03:50,22:04:20,22:04:50,22:05:50,22:06:50,22:07:50,22:08:20,22:08:50,22:09:50,22:10:50,22:11:50
20:50:00,20:51:52,20:53:31,20:55:21,20:58:05,20:59:22,21:00:38,21:01:38,21:03:06,21:04:33,21:05:30,21:06:31,21:07:56,21:09:05,21:10:09,21:11:39,21:12:48,21:14:35,21:16:33,21:17:32,21:19:12,21:20:50,21:21:50,21:22:50,21:23:50,21:24:20,21:24:50,21:25:50,21:26:50,21:27:50,21:28:50,21:29:50,21:30:20,21:31:20,21:32:20,21:34:20,21:35:20,21:36:20,21:37:20,21:38:20,22:08:20,22:09:20,22:09:50,22:10:50,22:11:50,22:12:50,22:13:50,22:14:20,22:14:50,22:15:50,22:16:50,22:17:50,22:18:20,22:18:50,22:19:50,22:20:50,22:21:50
21:00:00,21:01:52,21:03:31,21:05:21,21:08:05,21:09:22,21:10:38,21:11:38,21:13:06,21:14:33,21:15:30,21:16:31,21:17:56,21:19:05,21:20:09,21:21:39,21:22:48,21:24:35,21:26:33,21:27:32,21:29:12,21:30:50,21:31:50,21:32:50,21:33:50,21:34:20,21:34:50,21:35:50,21:36:50,21:37:50,21:38:50,21:39:50,21:40:20,21:41:20,21:42:20,21:44:20,21:45:20,21:46:20,21:47:20,21:48:20,22:18:20,22:19:20,22:19:50,22:20:50,22:21:50,22:22:50,22:23:50,22:24:20,22:24:50,22:25:50,22:26:50,22:27:50,22:28:20,22:28:50,22:29:50,22:30:50,22:31:50
21:15:00,21:16:52,21:18:31,21:20:21,21:23:05,21:24:22,21:25:38,21:26:38,21:28:06,21:29:33,21:30:30,21:31:31,21:32:56,21:34:05,21:35:09,21:36:39,21:37:48,21:39:35,21:41:33,21:42:32,21:44:12,21:45:50,21:46:50,21:47:50,21:48:50,21:49:20,21:49:50,21:50:50,21:51:50,21:52:50,21:53:50,21:54:50,21:55:20,21:56:20,21:57:20,21:59:20,22:00:20,22:01:20,22:02:20,22:03:20,22:33:20,22:34:20,22:34:50,22:35:50,22:36:50,22:37:50,22:38:50,22:39:20,22:39:50,22:40:50,22:41:50,22:42:50,22:43:20,22:43:50,22:44:50,22:45:50,22:46:50
21:30:00,21:31:52,21:33:31,21:35:21,21:38:05,21:39:22,21:40:38,21:41:38,21:43:06,21:44:33,21:45:30,21:46:31,21:47:56,21:49:05,21:50:09,21:51:39,21:52:48,21:54:35,21:56:33,21:57:32,21:59:12,22:00:50,22:01:50,22:02:50,22:03:50,22:04:20,22:04:50,22:05:50,22:06:50,22:07:50,22:08:50,22:09:50,22:10:20,22:11:20,22:12:20,22:14:20,22:15:20,22:16:20,22:17:20,22:18:20,22:48:20,22:49:20,22:49:50,22:50:50,22:51:50,22:52:50,22:53:50,22:54:20,22:54:50,22:55:50,22:56:50,22:57:50,22:58:20,22:58:50,22:59:50,23:00:50,23:01:50
21:45:00,21:46:52,21:48:31,21:50:21,21:53:05,21:54:22,21:55:38,21:56:38,21:58:06,21:59:33,22:00:30,22:01:31,22:02:56,22:04:05,22:05:09,22:06:39,22:07:48,22:09:35,22:11:33,22:12:32,22:14:12,22:15:50,22:16:50,22:17:50,22:18:50,22:19:20,22:19:50,22:20:50,22:21:50,22:22:50,22:23:50,22:24:50,22:25:20,22:26:20,22:27:20,22:29:20,22:30:20,22:31:20,22:32:20,22:33:20,23:03:20,23:04:20,23:04:50,23:05:50,23:06:50,23:07:50,23:08:50,23:09:20,23:09:50,23:10:50,23:11:50,23:12:50,23:13:20,23:13:50,23:14:50,23:15:50,23:16:50
22:00:00,22:01:52,22:03:31,22:05:21,22:08:05,22:09:22,22:10:38,22:11:38,22:13:06,22:14:33,22:15:30,22:16:31,22:17:56,22:19:05,22:20:09,22:21:39,22:22:48,22:24:35,22:26:33,22:27:32,22:29:12,22:30:50,22:31:50,22:32:50,22:33:50,22:34:20,22:34:50,22:35:50,22:36:50,22:37:50,22:38:50,22:39:50,22:40:20,22:41:20,22:42:20,22:44:20,22:45:20,22:46:20,22:47:20,22:48:20,23:18:20,23:19:20,23:19:50,23:20:50,23:21:50,23:22:50,23:23:50,23:24:20,23:24:50,23:25:50,23:26:50,23:27:50,23:28:20,23:28:50,23:29:50,23:30:50,23:31:50
22:15:00,22:16:52,22:18:31,22:20:21,22:23:05,22:24:22,22:25:38,22:26:38,22:28:06,22:29:33,22:30:30,22:31:31,22:32:56,22:34:05,22:35:09,22:36:39,22:37:48,22:39:35,22:41:33,22:42:32,22:44:12,22:45:50,22:46:50,22:47:50,22:48:50,22:49:20,22:49:50,22:50:50,22:51:50,22:52:50,22:53:50,22:54:50,22:55:20,22:56:20,22:57:20,22:59:20,23:00:20,23:01:20,23:02:20,23:03:20,23:33:20,23:34:20,23:34:50,23:35:50,23:36:50,23:37:50,23:38:50,23:39:20,23:39:50,23:40:50,23:41:50,23:42:50,23:43:20,23:43:50,23:44:50,23:45:50,23:46:50
22:30:00,22:31:52,22:33:31,22:35:21,22:38:05,22:39:22,22:40:38,22:41:38,22:43:06,22:44:33,22:45:30,22:46:31,22:47:56,22:49:05,22:50:09,22:51:39,22:52:48,22:54:35,22:56:33,22:57:32,22:59:12,23:00:50,23:01:50,23:02:50,23:03:50,23:04:20,23:04:50,23:05:50,23:06:50,23:07:50,23:08:50,23:09:50,23:10:20,23:11:20,23:12:20,23:14:20,23:15:20,23:16:20,23:17:20,23:18:20,23:48:20,23:49:20,23:49:50,23:50:50,23:51:50,23:52:50,23:53:50,23:54:20,23:54:50,23:55:50,23:56:50,23:57:50,23:58:20,23:58:50,23:59:50,00:00:50,00:01:50
22:45:00,22:46:52,22:48:31,22:50:21,22:53:05,22:54:22,22:55:38,22:56:38,22:58:06,22:59:33,23:00:30,23:01:31,23:02:56,23:04:05,23:05:09,23:06:39,23:07:48,23:09:35,23:11:33,23:12:32,23:14:12,23:15:50,23:16:50,23:17:50,23:18:50,23:19:20,23:19:50,23:20:50,23:21:50,23:22:50,23:23:50,23:24:50,23:25:20,23:26:20,23:27:20,23:29:20,23:30:20,23:31:20,23:32:20,23:33:20,00:03:20,00:04:20,00:04:50,00:05:50,00:06:50,00:07:50,00:08:50,00:09:20,00:09:50,00:10:50,00:11:50,00:12:50,00:13:20,00:13:50,00:14:50,00:15:50,00:16:50
23:00:00,23:01:52,23:03:31,23:05:21,23:08:05,23:09:22,23:10:38,23:11:38,23:13:06,23:14:33,23:15:30,23:16:31,23:17:56,23:19:05,23:20:09,23:21:39,23:22:48,23:24:35,23:26:33,23:27:32,23:29:12,23:30:50,23:31:50,23:32:50,23:33:50,23:34:20,23:34:50,23:35:50,23:36:50,23:37:50,23:38:50,23:39:50,23:40:20,23:41:20,23:42:20,23:44:20,23:45:20,23:46:20,23:47:20,23:48:20,00:18:20,00:19:20,00:19:50,00:20:50,00:21:50,00:22:50,00:23:50,00:24:20,00:24:50,00:25:50,00:26:50,00:27:50,00:28:20,00:28:50,00:29:50,00:30:50,00:31:50
23:15:00,23:16:52,23:18:31,23:20:21,23:23:05,23:24:22,23:25:38,23:26:38,23:28:06,23:29:33,23:30:30,23:31:31,23:32:56,23:34:05,23:35:09,23:36:39,23:37:48,23:39:35,23:41:33,23:42:32,23:44:12,23:45:50,23:46:50,23:47:50,23:48:50,23:49:20,23:49:50,23:50:50,23:51:50,23:52:50,23:53:50,23:54:50,23:55:20,23:56:20,23:57:20,23:59:20,00:00:20,00:01:20,00:02:20,00:03:20,00:33:20,00:34:20,00:34:50,00:35:50,00:36:50,00:37:50,00:38:50,00:39:20,00:39:50,00:40:50,00:41:50,00:42:50,00:43:20,00:43:50,00:44:50,00:45:50,00:46:50
23:30:00,23:31:52,23:33:31,23:35:21,23:38:05,23:39:22,23:40:38,23:41:38,23:43:06,23:44:33,23:45:30,23:46:31,23:47:56,23:49:05,23:50:09,23:51:39,23:52:48,23:54:35,23:56:33,23:57:32,23:59:12,00:00:50,00:01:50,00:02:50,00:03:50,00:04:20,00:04:50,00:05:50,00:06:50,00:07:50,00:08:50,00:09:50,00:10:20,00:11:20,00:12:20,00:14:20,00:15:20,00:16:20,00:17:20,00:18:20,00:48:20,00:49:20,00:49:50,00:50:50,00:51:50,00:52:50,00:53:50,00:54:20,00:54:50,00:55:50,00:56:50,00:57:50,00:58:20,00:58:50,00:59:50,01:00:50,01:01:50
23:45:00,23:46:52,23:48:31,23:50:21,23:53:05,23:54:22,23:55:38,23:56:38,23:58:06,23:59:33,00:00:30,00:01:31,00:02:56,00:04:05,00:05:09,00:06:39,00:07:48,00:09:35,00:11:33,00:12:32,00:14:12,00:15:50,00:16:50,00:17:50,00:18:50,00:19:20,00:19:50,00:20:50,00:21:50,00:22:50,00:23:50,00:24:50,00:25:20,00:26:20,00:27:20,00:29:20,00:30:20,00:31:20,00:32:20,00:33:20,01:03:20,01:04:20,01:04:50,01:05:50,01:06:50,01:07:50,01:08:50,01:09:20,01:09:50,01:10:50,01:11:50,01:12:50,01:13:20,01:13:50,01:14:50,01:15:50,01:16:50
0:00:00,00:01:52,00:03:31,00:05:21,00:08:05,00:09:22,00:10:38,00:11:38,00:13:06,00:14:33,00:15:30,00:16:31,00:17:56,00:19:05,00:20:09,00:21:39,00:22:48,00:24:35,00:26:33,00:27:32,00:29:12,00:30:50,00:31:50,00:32:50,00:33:50,00:34:20,00:34:50,00:35:50,00:36:50,00:37:50,00:38:50,00:39:50,00:40:20,00:41:20,00:42:20,00:44:20,00:45:20,00:46:20,00:47:20,00:48:20,01:18:20,01:19:20,01:19:50,01:20:50,01:21:50,01:22:50,01:23:50,01:24:20,01:24:50,01:25:50,01:26:50,01:27:50,01:28:20,01:28:50,01:29:50,01:30:50,01:31:50
0:20:00,00:21:52,00:23:31,00:25:21,00:28:05,00:29:22,00:30:38,00:31:38,00:33:06,00:34:33,00:35:30,00:36:31,00:37:56,00:39:05,00:40:09,00:41:39,00:42:48,00:44:35,00:46:33,00:47:32,00:49:12,00:50:50,00:51:50,00:52:50,00:53:50,00:54:20,00:54:50,00:55:50,00:56:50,00:57:50,00:58:50,00:59:50,01:00:20,01:01:20,01:02:20,01:04:20,01:05:20,01:06:20,01:07:20,01:08:20,01:38:20,01:39:20,01:39:50,01:40:50,01:41:50,01:42:50,01:43:50,01:44:20,01:44:50,01:45:50,01:46:50,01:47:50,01:48:20,01:48:50,01:49:50,01:50:50,01:51:50
0:40:00,00:41:52,00:43:31,00:45:21,00:48:05,00:49:22,00:50:38,00:51:38,00:53:06,00:54:33,00:55:30,00:56:31,00:57:56,00:59:05,01:00:09,01:01:39,01:02:48,01:04:35,01:06:33,01:07:32,01:09:12,01:10:50,01:11:50,01:12:50,01:13:50,01:14:20,01:14:50,01:15:50,01:16:50,01:17:50,01:18:50,01:19:50,01:20:20,01:21:20,01:22:20,01:24:20,01:25:20,01:26:20,01:27:20,01:28:20,01:58:20,01:59:20,01:59:50,02:00:50,02:01:50,02:02:50,02:03:50,02:04:20,02:04:50,02:05:50,02:06:50,02:07:50,02:08:20,02:08:50,02:09:50,02:10:50,02:11:50
1:00:00,01:01:52,01:03:31,01:05:21,01:08:05,01:09:22,01:10:38,01:11:38,01:13:06,01:14:33,01:15:30,01:16:31,01:17:56,01:19:05,01:20:09,01:21:39,01:22:48,01:24:35,01:26:33,01:27:32,01:29:12,01:30:50,01:31:50,01:32:50,01:33:50,01:34:20,01:34:50,01:35:50,01:36:50,01:37:50,01:38:50,01:39:50,01:40:20,01:41:20,01:42:20,01:44:20,01:45:20,01:46:20,01:47:20,01:48:20,02:18:20,02:19:20,02:19:50,02:20:50,02:21:50,02:22:50,02:23:50,02:24:20,02:24:50,02:25:50,02:26:50,02:27:50,02:28:20,02:28:50,02:29:50,02:30:50,02:31:50
